file,line,type,commit,author,date,time,timezone,datetime,depth,length
style.css,1,css,c92296af,vsahjwani,2025-04-12,23:22:35,-07:00,2025-04-12T23:22:35-07:00,0,4
style.css,2,css,c92296af,vsahjwani,2025-04-12,23:22:35,-07:00,2025-04-12T23:22:35-07:00,1,31
style.css,3,css,c92296af,vsahjwani,2025-04-12,23:22:35,-07:00,2025-04-12T23:22:35-07:00,1,32
style.css,4,css,c92296af,vsahjwani,2025-04-12,23:22:35,-07:00,2025-04-12T23:22:35-07:00,0,0
style.css,5,css,2acd784f,vsahjwani,2025-04-12,22:19:11,-07:00,2025-04-12T22:19:11-07:00,0,0
style.css,6,css,d97d7a19,vsahjwani,2025-04-04,23:12:26,-07:00,2025-04-04T23:12:26-07:00,0,4
style.css,7,css,2acd784f,vsahjwani,2025-04-12,22:19:11,-07:00,2025-04-12T22:19:11-07:00,1,33
style.css,8,css,2acd784f,vsahjwani,2025-04-12,22:19:11,-07:00,2025-04-12T22:19:11-07:00,1,15
style.css,9,css,2acd784f,vsahjwani,2025-04-12,22:19:11,-07:00,2025-04-12T22:19:11-07:00,1,15
style.css,10,css,2acd784f,vsahjwani,2025-04-12,22:19:11,-07:00,2025-04-12T22:19:11-07:00,1,42
style.css,11,css,2acd784f,vsahjwani,2025-04-12,22:19:11,-07:00,2025-04-12T22:19:11-07:00,1,18
style.css,12,css,2acd784f,vsahjwani,2025-04-12,22:19:11,-07:00,2025-04-12T22:19:11-07:00,0,0
style.css,13,css,2acd784f,vsahjwani,2025-04-12,22:19:11,-07:00,2025-04-12T22:19:11-07:00,0,0
style.css,14,css,2acd784f,vsahjwani,2025-04-12,22:19:11,-07:00,2025-04-12T22:19:11-07:00,0,14
style.css,15,css,2acd784f,vsahjwani,2025-04-12,22:19:11,-07:00,2025-04-12T22:19:11-07:00,0,2
style.css,16,css,2acd784f,vsahjwani,2025-04-12,22:19:11,-07:00,2025-04-12T22:19:11-07:00,1,14
style.css,17,css,2acd784f,vsahjwani,2025-04-12,22:19:11,-07:00,2025-04-12T22:19:11-07:00,0,0
style.css,18,css,2acd784f,vsahjwani,2025-04-12,22:19:11,-07:00,2025-04-12T22:19:11-07:00,0,0
style.css,19,css,2acd784f,vsahjwani,2025-04-12,22:19:11,-07:00,2025-04-12T22:19:11-07:00,0,22
style.css,20,css,2acd784f,vsahjwani,2025-04-12,22:19:11,-07:00,2025-04-12T22:19:11-07:00,1,15
style.css,21,css,2acd784f,vsahjwani,2025-04-12,22:19:11,-07:00,2025-04-12T22:19:11-07:00,1,17
style.css,22,css,2acd784f,vsahjwani,2025-04-12,22:19:11,-07:00,2025-04-12T22:19:11-07:00,1,18
style.css,23,css,2acd784f,vsahjwani,2025-04-12,22:19:11,-07:00,2025-04-12T22:19:11-07:00,0,0
style.css,24,css,2acd784f,vsahjwani,2025-04-12,22:19:11,-07:00,2025-04-12T22:19:11-07:00,0,0
style.css,25,css,4e78ad22,vsahjwani,2025-05-03,22:40:08,-07:00,2025-05-03T22:40:08-07:00,0,7
style.css,26,css,2afb799e,vsahjwani,2025-05-03,22:33:09,-07:00,2025-05-03T22:33:09-07:00,1,11
style.css,27,css,2afb799e,vsahjwani,2025-05-03,22:33:09,-07:00,2025-05-03T22:33:09-07:00,1,22
style.css,28,css,2afb799e,vsahjwani,2025-05-03,22:33:09,-07:00,2025-05-03T22:33:09-07:00,0,0
style.css,29,css,2afb799e,vsahjwani,2025-05-03,22:33:09,-07:00,2025-05-03T22:33:09-07:00,0,0
style.css,30,css,c92296af,vsahjwani,2025-04-12,23:22:35,-07:00,2025-04-12T23:22:35-07:00,0,2
style.css,31,css,c92296af,vsahjwani,2025-04-12,23:22:35,-07:00,2025-04-12T23:22:35-07:00,1,14
style.css,32,css,c92296af,vsahjwani,2025-04-12,23:22:35,-07:00,2025-04-12T23:22:35-07:00,1,11
style.css,33,css,c92296af,vsahjwani,2025-04-12,23:22:35,-07:00,2025-04-12T23:22:35-07:00,1,13
style.css,34,css,c92296af,vsahjwani,2025-04-12,23:22:35,-07:00,2025-04-12T23:22:35-07:00,1,16
style.css,35,css,c92296af,vsahjwani,2025-04-12,23:22:35,-07:00,2025-04-12T23:22:35-07:00,1,19
style.css,36,css,c92296af,vsahjwani,2025-04-12,23:22:35,-07:00,2025-04-12T23:22:35-07:00,0,0
style.css,37,css,c92296af,vsahjwani,2025-04-12,23:22:35,-07:00,2025-04-12T23:22:35-07:00,0,0
style.css,38,css,2acd784f,vsahjwani,2025-04-12,22:19:11,-07:00,2025-04-12T22:19:11-07:00,0,18
style.css,39,css,2acd784f,vsahjwani,2025-04-12,22:19:11,-07:00,2025-04-12T22:19:11-07:00,0,3
style.css,40,css,2acd784f,vsahjwani,2025-04-12,22:19:11,-07:00,2025-04-12T22:19:11-07:00,1,12
style.css,41,css,2acd784f,vsahjwani,2025-04-12,22:19:11,-07:00,2025-04-12T22:19:11-07:00,1,41
style.css,42,css,50ecefad,vsahjwani,2025-04-12,22:56:00,-07:00,2025-04-12T22:56:00-07:00,1,19
style.css,43,css,2acd784f,vsahjwani,2025-04-12,22:19:11,-07:00,2025-04-12T22:19:11-07:00,0,0
style.css,44,css,2acd784f,vsahjwani,2025-04-12,22:19:11,-07:00,2025-04-12T22:19:11-07:00,0,0
style.css,45,css,2acd784f,vsahjwani,2025-04-12,22:19:11,-07:00,2025-04-12T22:19:11-07:00,0,5
style.css,46,css,2acd784f,vsahjwani,2025-04-12,22:19:11,-07:00,2025-04-12T22:19:11-07:00,1,6
style.css,47,css,2acd784f,vsahjwani,2025-04-12,22:19:11,-07:00,2025-04-12T22:19:11-07:00,1,20
style.css,48,css,2acd784f,vsahjwani,2025-04-12,22:19:11,-07:00,2025-04-12T22:19:11-07:00,1,13
style.css,49,css,2acd784f,vsahjwani,2025-04-12,22:19:11,-07:00,2025-04-12T22:19:11-07:00,1,17
style.css,50,css,2acd784f,vsahjwani,2025-04-12,22:19:11,-07:00,2025-04-12T22:19:11-07:00,1,13
style.css,51,css,2acd784f,vsahjwani,2025-04-12,22:19:11,-07:00,2025-04-12T22:19:11-07:00,0,0
style.css,52,css,2acd784f,vsahjwani,2025-04-12,22:19:11,-07:00,2025-04-12T22:19:11-07:00,0,0
style.css,53,css,2acd784f,vsahjwani,2025-04-12,22:19:11,-07:00,2025-04-12T22:19:11-07:00,0,13
style.css,54,css,2acd784f,vsahjwani,2025-04-12,22:19:11,-07:00,2025-04-12T22:19:11-07:00,1,43
style.css,55,css,2acd784f,vsahjwani,2025-04-12,22:19:11,-07:00,2025-04-12T22:19:11-07:00,1,20
style.css,56,css,2acd784f,vsahjwani,2025-04-12,22:19:11,-07:00,2025-04-12T22:19:11-07:00,0,0
style.css,57,css,2acd784f,vsahjwani,2025-04-12,22:19:11,-07:00,2025-04-12T22:19:11-07:00,0,0
style.css,58,css,2acd784f,vsahjwani,2025-04-12,22:19:11,-07:00,2025-04-12T22:19:11-07:00,0,11
style.css,59,css,2acd784f,vsahjwani,2025-04-12,22:19:11,-07:00,2025-04-12T22:19:11-07:00,1,45
style.css,60,css,2acd784f,vsahjwani,2025-04-12,22:19:11,-07:00,2025-04-12T22:19:11-07:00,1,57
style.css,61,css,2acd784f,vsahjwani,2025-04-12,22:19:11,-07:00,2025-04-12T22:19:11-07:00,0,0
style.css,62,css,2acd784f,vsahjwani,2025-04-12,22:19:11,-07:00,2025-04-12T22:19:11-07:00,0,0
style.css,63,css,2acd784f,vsahjwani,2025-04-12,22:19:11,-07:00,2025-04-12T22:19:11-07:00,0,16
style.css,64,css,2acd784f,vsahjwani,2025-04-12,22:19:11,-07:00,2025-04-12T22:19:11-07:00,0,4
style.css,65,css,2acd784f,vsahjwani,2025-04-12,22:19:11,-07:00,2025-04-12T22:19:11-07:00,1,12
style.css,66,css,2acd784f,vsahjwani,2025-04-12,22:19:11,-07:00,2025-04-12T22:19:11-07:00,1,30
style.css,67,css,2acd784f,vsahjwani,2025-04-12,22:19:11,-07:00,2025-04-12T22:19:11-07:00,1,7
style.css,68,css,2acd784f,vsahjwani,2025-04-12,22:19:11,-07:00,2025-04-12T22:19:11-07:00,0,0
style.css,69,css,2acd784f,vsahjwani,2025-04-12,22:19:11,-07:00,2025-04-12T22:19:11-07:00,0,0
style.css,70,css,2acd784f,vsahjwani,2025-04-12,22:19:11,-07:00,2025-04-12T22:19:11-07:00,0,10
style.css,71,css,2acd784f,vsahjwani,2025-04-12,22:19:11,-07:00,2025-04-12T22:19:11-07:00,1,12
style.css,72,css,2acd784f,vsahjwani,2025-04-12,22:19:11,-07:00,2025-04-12T22:19:11-07:00,1,29
style.css,73,css,2acd784f,vsahjwani,2025-04-12,22:19:11,-07:00,2025-04-12T22:19:11-07:00,1,18
style.css,74,css,2acd784f,vsahjwani,2025-04-12,22:19:11,-07:00,2025-04-12T22:19:11-07:00,0,0
style.css,75,css,2acd784f,vsahjwani,2025-04-12,22:19:11,-07:00,2025-04-12T22:19:11-07:00,0,0
style.css,76,css,2acd784f,vsahjwani,2025-04-12,22:19:11,-07:00,2025-04-12T22:19:11-07:00,0,9
style.css,77,css,2acd784f,vsahjwani,2025-04-12,22:19:11,-07:00,2025-04-12T22:19:11-07:00,0,12
style.css,78,css,2acd784f,vsahjwani,2025-04-12,22:19:11,-07:00,2025-04-12T22:19:11-07:00,0,11
style.css,79,css,2acd784f,vsahjwani,2025-04-12,22:19:11,-07:00,2025-04-12T22:19:11-07:00,1,12
style.css,80,css,2acd784f,vsahjwani,2025-04-12,22:19:11,-07:00,2025-04-12T22:19:11-07:00,1,21
style.css,81,css,2acd784f,vsahjwani,2025-04-12,22:19:11,-07:00,2025-04-12T22:19:11-07:00,1,10
style.css,82,css,2acd784f,vsahjwani,2025-04-12,22:19:11,-07:00,2025-04-12T22:19:11-07:00,0,0
style.css,83,css,2acd784f,vsahjwani,2025-04-12,22:19:11,-07:00,2025-04-12T22:19:11-07:00,0,0
style.css,84,css,2acd784f,vsahjwani,2025-04-12,22:19:11,-07:00,2025-04-12T22:19:11-07:00,0,11
style.css,85,css,2acd784f,vsahjwani,2025-04-12,22:19:11,-07:00,2025-04-12T22:19:11-07:00,1,18
style.css,86,css,2acd784f,vsahjwani,2025-04-12,22:19:11,-07:00,2025-04-12T22:19:11-07:00,0,0
style.css,87,css,2acd784f,vsahjwani,2025-04-12,22:19:11,-07:00,2025-04-12T22:19:11-07:00,0,0
style.css,88,css,2acd784f,vsahjwani,2025-04-12,22:19:11,-07:00,2025-04-12T22:19:11-07:00,0,17
style.css,89,css,2acd784f,vsahjwani,2025-04-12,22:19:11,-07:00,2025-04-12T22:19:11-07:00,0,9
style.css,90,css,d7308630,vsahjwani,2025-05-03,22:27:38,-07:00,2025-05-03T22:27:38-07:00,1,12
style.css,91,css,d7308630,vsahjwani,2025-05-03,22:27:38,-07:00,2025-05-03T22:27:38-07:00,1,36
style.css,92,css,d4307d43,vsahjwani,2025-04-12,23:32:47,-07:00,2025-04-12T23:32:47-07:00,1,8
style.css,93,css,d4307d43,vsahjwani,2025-04-12,23:32:47,-07:00,2025-04-12T23:32:47-07:00,1,16
style.css,94,css,d4307d43,vsahjwani,2025-04-12,23:32:47,-07:00,2025-04-12T23:32:47-07:00,1,12
style.css,95,css,d4307d43,vsahjwani,2025-04-12,23:32:47,-07:00,2025-04-12T23:32:47-07:00,1,16
style.css,96,css,2acd784f,vsahjwani,2025-04-12,22:19:11,-07:00,2025-04-12T22:19:11-07:00,0,0
style.css,97,css,2acd784f,vsahjwani,2025-04-12,22:19:11,-07:00,2025-04-12T22:19:11-07:00,0,0
style.css,98,css,2acd784f,vsahjwani,2025-04-12,22:19:11,-07:00,2025-04-12T22:19:11-07:00,0,17
style.css,99,css,4e78ad22,vsahjwani,2025-05-03,22:40:08,-07:00,2025-05-03T22:40:08-07:00,1,11
style.css,100,css,d4307d43,vsahjwani,2025-04-12,23:32:47,-07:00,2025-04-12T23:32:47-07:00,1,21
style.css,101,css,d4307d43,vsahjwani,2025-04-12,23:32:47,-07:00,2025-04-12T23:32:47-07:00,1,18
style.css,102,css,d4307d43,vsahjwani,2025-04-12,23:32:47,-07:00,2025-04-12T23:32:47-07:00,1,12
style.css,103,css,d4307d43,vsahjwani,2025-04-12,23:32:47,-07:00,2025-04-12T23:32:47-07:00,1,12
style.css,104,css,d4307d43,vsahjwani,2025-04-12,23:32:47,-07:00,2025-04-12T23:32:47-07:00,1,21
style.css,105,css,d4307d43,vsahjwani,2025-04-12,23:32:47,-07:00,2025-04-12T23:32:47-07:00,1,11
style.css,106,css,d4307d43,vsahjwani,2025-04-12,23:32:47,-07:00,2025-04-12T23:32:47-07:00,1,21
style.css,107,css,d4307d43,vsahjwani,2025-04-12,23:32:47,-07:00,2025-04-12T23:32:47-07:00,0,0
style.css,108,css,d4307d43,vsahjwani,2025-04-12,23:32:47,-07:00,2025-04-12T23:32:47-07:00,0,0
style.css,109,css,d4307d43,vsahjwani,2025-04-12,23:32:47,-07:00,2025-04-12T23:32:47-07:00,0,13
style.css,110,css,d4307d43,vsahjwani,2025-04-12,23:32:47,-07:00,2025-04-12T23:32:47-07:00,1,14
style.css,111,css,d4307d43,vsahjwani,2025-04-12,23:32:47,-07:00,2025-04-12T23:32:47-07:00,1,11
style.css,112,css,d4307d43,vsahjwani,2025-04-12,23:32:47,-07:00,2025-04-12T23:32:47-07:00,0,0
style.css,113,css,d4307d43,vsahjwani,2025-04-12,23:32:47,-07:00,2025-04-12T23:32:47-07:00,0,0
style.css,114,css,2acd784f,vsahjwani,2025-04-12,22:19:11,-07:00,2025-04-12T22:19:11-07:00,0,20
style.css,115,css,2acd784f,vsahjwani,2025-04-12,22:19:11,-07:00,2025-04-12T22:19:11-07:00,1,8
style.css,116,css,c92296af,vsahjwani,2025-04-12,23:22:35,-07:00,2025-04-12T23:22:35-07:00,0,0
style.css,117,css,c92296af,vsahjwani,2025-04-12,23:22:35,-07:00,2025-04-12T23:22:35-07:00,0,0
style.css,118,css,c92296af,vsahjwani,2025-04-12,23:22:35,-07:00,2025-04-12T23:22:35-07:00,0,7
style.css,119,css,c92296af,vsahjwani,2025-04-12,23:22:35,-07:00,2025-04-12T23:22:35-07:00,1,12
style.css,120,css,c92296af,vsahjwani,2025-04-12,23:22:35,-07:00,2025-04-12T23:22:35-07:00,1,7
style.css,121,css,c92296af,vsahjwani,2025-04-12,23:22:35,-07:00,2025-04-12T23:22:35-07:00,1,11
style.css,122,css,ee4ad369,vsahjwani,2025-04-18,23:48:05,-07:00,2025-04-18T23:48:05-07:00,1,23
style.css,123,css,c92296af,vsahjwani,2025-04-12,23:22:35,-07:00,2025-04-12T23:22:35-07:00,1,17
style.css,124,css,c92296af,vsahjwani,2025-04-12,23:22:35,-07:00,2025-04-12T23:22:35-07:00,1,40
style.css,125,css,c92296af,vsahjwani,2025-04-12,23:22:35,-07:00,2025-04-12T23:22:35-07:00,0,0
style.css,126,css,c92296af,vsahjwani,2025-04-12,23:22:35,-07:00,2025-04-12T23:22:35-07:00,0,0
style.css,127,css,c92296af,vsahjwani,2025-04-12,23:22:35,-07:00,2025-04-12T23:22:35-07:00,0,15
style.css,128,css,e7cfc01d,vsahjwani,2025-05-03,22:50:47,-07:00,2025-05-03T22:50:47-07:00,1,11
style.css,129,css,e7cfc01d,vsahjwani,2025-05-03,22:50:47,-07:00,2025-05-03T22:50:47-07:00,1,22
style.css,130,css,c92296af,vsahjwani,2025-04-12,23:22:35,-07:00,2025-04-12T23:22:35-07:00,1,11
style.css,131,css,c92296af,vsahjwani,2025-04-12,23:22:35,-07:00,2025-04-12T23:22:35-07:00,1,19
style.css,132,css,c92296af,vsahjwani,2025-04-12,23:22:35,-07:00,2025-04-12T23:22:35-07:00,1,31
style.css,133,css,c92296af,vsahjwani,2025-04-12,23:22:35,-07:00,2025-04-12T23:22:35-07:00,0,0
style.css,134,css,c92296af,vsahjwani,2025-04-12,23:22:35,-07:00,2025-04-12T23:22:35-07:00,0,0
style.css,135,css,c92296af,vsahjwani,2025-04-12,23:22:35,-07:00,2025-04-12T23:22:35-07:00,0,10
style.css,136,css,c92296af,vsahjwani,2025-04-12,23:22:35,-07:00,2025-04-12T23:22:35-07:00,1,25
style.css,137,css,c92296af,vsahjwani,2025-04-12,23:22:35,-07:00,2025-04-12T23:22:35-07:00,1,43
style.css,138,css,c92296af,vsahjwani,2025-04-12,23:22:35,-07:00,2025-04-12T23:22:35-07:00,1,21
style.css,139,css,c92296af,vsahjwani,2025-04-12,23:22:35,-07:00,2025-04-12T23:22:35-07:00,1,19
style.css,140,css,c92296af,vsahjwani,2025-04-12,23:22:35,-07:00,2025-04-12T23:22:35-07:00,0,0
style.css,141,css,c92296af,vsahjwani,2025-04-12,23:22:35,-07:00,2025-04-12T23:22:35-07:00,0,0
style.css,142,css,c92296af,vsahjwani,2025-04-12,23:22:35,-07:00,2025-04-12T23:22:35-07:00,0,9
style.css,143,css,c92296af,vsahjwani,2025-04-12,23:22:35,-07:00,2025-04-12T23:22:35-07:00,1,15
style.css,144,css,1b07cd49,vsahjwani,2025-04-26,23:02:25,-07:00,2025-04-26T23:02:25-07:00,1,13
style.css,145,css,c92296af,vsahjwani,2025-04-12,23:22:35,-07:00,2025-04-12T23:22:35-07:00,0,0
style.css,146,css,9e883ebc,vsahjwani,2025-04-18,23:11:59,-07:00,2025-04-18T23:11:59-07:00,0,0
style.css,147,css,9e883ebc,vsahjwani,2025-04-18,23:11:59,-07:00,2025-04-18T23:11:59-07:00,0,4
style.css,148,css,9e883ebc,vsahjwani,2025-04-18,23:11:59,-07:00,2025-04-18T23:11:59-07:00,1,23
style.css,149,css,9e883ebc,vsahjwani,2025-04-18,23:11:59,-07:00,2025-04-18T23:11:59-07:00,0,0
style.css,150,css,9e883ebc,vsahjwani,2025-04-18,23:11:59,-07:00,2025-04-18T23:11:59-07:00,0,0
style.css,151,css,9e883ebc,vsahjwani,2025-04-18,23:11:59,-07:00,2025-04-18T23:11:59-07:00,0,3
style.css,152,css,9e883ebc,vsahjwani,2025-04-18,23:11:59,-07:00,2025-04-18T23:11:59-07:00,1,39
style.css,153,css,9e883ebc,vsahjwani,2025-04-18,23:11:59,-07:00,2025-04-18T23:11:59-07:00,1,12
style.css,154,css,9e883ebc,vsahjwani,2025-04-18,23:11:59,-07:00,2025-04-18T23:11:59-07:00,1,41
style.css,155,css,9e883ebc,vsahjwani,2025-04-18,23:11:59,-07:00,2025-04-18T23:11:59-07:00,1,19
style.css,156,css,9e883ebc,vsahjwani,2025-04-18,23:11:59,-07:00,2025-04-18T23:11:59-07:00,0,0
style.css,157,css,9e883ebc,vsahjwani,2025-04-18,23:11:59,-07:00,2025-04-18T23:11:59-07:00,0,0
style.css,158,css,9e883ebc,vsahjwani,2025-04-18,23:11:59,-07:00,2025-04-18T23:11:59-07:00,0,5
style.css,159,css,9e883ebc,vsahjwani,2025-04-18,23:11:59,-07:00,2025-04-18T23:11:59-07:00,1,39
style.css,160,css,9e883ebc,vsahjwani,2025-04-18,23:11:59,-07:00,2025-04-18T23:11:59-07:00,1,6
style.css,161,css,9e883ebc,vsahjwani,2025-04-18,23:11:59,-07:00,2025-04-18T23:11:59-07:00,1,20
style.css,162,css,9e883ebc,vsahjwani,2025-04-18,23:11:59,-07:00,2025-04-18T23:11:59-07:00,1,13
style.css,163,css,9e883ebc,vsahjwani,2025-04-18,23:11:59,-07:00,2025-04-18T23:11:59-07:00,1,17
style.css,164,css,9e883ebc,vsahjwani,2025-04-18,23:11:59,-07:00,2025-04-18T23:11:59-07:00,1,13
style.css,165,css,9e883ebc,vsahjwani,2025-04-18,23:11:59,-07:00,2025-04-18T23:11:59-07:00,0,0
style.css,166,css,9e883ebc,vsahjwani,2025-04-18,23:11:59,-07:00,2025-04-18T23:11:59-07:00,0,0
style.css,167,css,9e883ebc,vsahjwani,2025-04-18,23:11:59,-07:00,2025-04-18T23:11:59-07:00,0,24
style.css,168,css,9e883ebc,vsahjwani,2025-04-18,23:11:59,-07:00,2025-04-18T23:11:59-07:00,1,69
style.css,169,css,9e883ebc,vsahjwani,2025-04-18,23:11:59,-07:00,2025-04-18T23:11:59-07:00,0,0
style.css,170,css,9e883ebc,vsahjwani,2025-04-18,23:11:59,-07:00,2025-04-18T23:11:59-07:00,0,0
style.css,171,css,9e883ebc,vsahjwani,2025-04-18,23:11:59,-07:00,2025-04-18T23:11:59-07:00,0,13
style.css,172,css,9e883ebc,vsahjwani,2025-04-18,23:11:59,-07:00,2025-04-18T23:11:59-07:00,1,17
style.css,173,css,9e883ebc,vsahjwani,2025-04-18,23:11:59,-07:00,2025-04-18T23:11:59-07:00,1,8
style.css,174,css,9e883ebc,vsahjwani,2025-04-18,23:11:59,-07:00,2025-04-18T23:11:59-07:00,1,10
style.css,175,css,9e883ebc,vsahjwani,2025-04-18,23:11:59,-07:00,2025-04-18T23:11:59-07:00,1,13
style.css,176,css,9e883ebc,vsahjwani,2025-04-18,23:11:59,-07:00,2025-04-18T23:11:59-07:00,0,0
style.css,177,css,9e883ebc,vsahjwani,2025-04-18,23:11:59,-07:00,2025-04-18T23:11:59-07:00,0,0
style.css,178,css,9e883ebc,vsahjwani,2025-04-18,23:11:59,-07:00,2025-04-18T23:11:59-07:00,0,31
style.css,179,css,9e883ebc,vsahjwani,2025-04-18,23:11:59,-07:00,2025-04-18T23:11:59-07:00,1,19
style.css,180,css,6790946c,vsahjwani,2025-04-26,22:03:54,-07:00,2025-04-26T22:03:54-07:00,0,0
style.css,181,css,6790946c,vsahjwani,2025-04-26,22:03:54,-07:00,2025-04-26T22:03:54-07:00,0,0
style.css,182,css,15e02f5b,vsahjwani,2025-04-26,22:18:27,-07:00,2025-04-26T22:18:27-07:00,0,17
style.css,183,css,15e02f5b,vsahjwani,2025-04-26,22:18:27,-07:00,2025-04-26T22:18:27-07:00,1,12
style.css,184,css,15e02f5b,vsahjwani,2025-04-26,22:18:27,-07:00,2025-04-26T22:18:27-07:00,1,36
style.css,185,css,15e02f5b,vsahjwani,2025-04-26,22:18:27,-07:00,2025-04-26T22:18:27-07:00,1,8
style.css,186,css,15e02f5b,vsahjwani,2025-04-26,22:18:27,-07:00,2025-04-26T22:18:27-07:00,1,12
style.css,187,css,15e02f5b,vsahjwani,2025-04-26,22:18:27,-07:00,2025-04-26T22:18:27-07:00,1,36
style.css,188,css,15e02f5b,vsahjwani,2025-04-26,22:18:27,-07:00,2025-04-26T22:18:27-07:00,1,20
style.css,189,css,15e02f5b,vsahjwani,2025-04-26,22:18:27,-07:00,2025-04-26T22:18:27-07:00,0,0
style.css,190,css,15e02f5b,vsahjwani,2025-04-26,22:18:27,-07:00,2025-04-26T22:18:27-07:00,0,0
style.css,191,css,15e02f5b,vsahjwani,2025-04-26,22:18:27,-07:00,2025-04-26T22:18:27-07:00,0,17
style.css,192,css,15e02f5b,vsahjwani,2025-04-26,22:18:27,-07:00,2025-04-26T22:18:27-07:00,1,10
style.css,193,css,15e02f5b,vsahjwani,2025-04-26,22:18:27,-07:00,2025-04-26T22:18:27-07:00,1,16
style.css,194,css,15e02f5b,vsahjwani,2025-04-26,22:18:27,-07:00,2025-04-26T22:18:27-07:00,0,0
style.css,195,css,15e02f5b,vsahjwani,2025-04-26,22:18:27,-07:00,2025-04-26T22:18:27-07:00,0,0
style.css,196,css,15e02f5b,vsahjwani,2025-04-26,22:18:27,-07:00,2025-04-26T22:18:27-07:00,0,17
style.css,197,css,15e02f5b,vsahjwani,2025-04-26,22:18:27,-07:00,2025-04-26T22:18:27-07:00,1,10
style.css,198,css,15e02f5b,vsahjwani,2025-04-26,22:18:27,-07:00,2025-04-26T22:18:27-07:00,1,8
style.css,199,css,15e02f5b,vsahjwani,2025-04-26,22:18:27,-07:00,2025-04-26T22:18:27-07:00,1,15
style.css,200,css,030db184,vsahjwani,2025-04-26,22:59:15,-07:00,2025-04-26T22:59:15-07:00,0,0
style.css,201,css,030db184,vsahjwani,2025-04-26,22:59:15,-07:00,2025-04-26T22:59:15-07:00,0,0
style.css,202,css,13142650,vsahjwani,2025-05-03,23:34:50,-07:00,2025-05-03T23:34:50-07:00,0,18
style.css,203,css,13142650,vsahjwani,2025-05-03,23:34:50,-07:00,2025-05-03T23:34:50-07:00,1,14
style.css,204,css,13142650,vsahjwani,2025-05-03,23:34:50,-07:00,2025-05-03T23:34:50-07:00,1,16
style.css,205,css,13142650,vsahjwani,2025-05-03,23:34:50,-07:00,2025-05-03T23:34:50-07:00,0,0
style.css,206,css,13142650,vsahjwani,2025-05-03,23:34:50,-07:00,2025-05-03T23:34:50-07:00,1,16
style.css,207,css,13142650,vsahjwani,2025-05-03,23:34:50,-07:00,2025-05-03T23:34:50-07:00,0,0
style.css,208,css,13142650,vsahjwani,2025-05-03,23:34:50,-07:00,2025-05-03T23:34:50-07:00,0,0
style.css,209,css,030db184,vsahjwani,2025-04-26,22:59:15,-07:00,2025-04-26T22:59:15-07:00,0,35
style.css,210,css,1fa6c865,vsahjwani,2025-05-03,22:07:44,-07:00,2025-05-03T22:07:44-07:00,1,4
style.css,211,css,1fa6c865,vsahjwani,2025-05-03,22:07:44,-07:00,2025-05-03T22:07:44-07:00,2,46
style.css,212,css,1fa6c865,vsahjwani,2025-05-03,22:07:44,-07:00,2025-05-03T22:07:44-07:00,2,21
style.css,213,css,030db184,vsahjwani,2025-04-26,22:59:15,-07:00,2025-04-26T22:59:15-07:00,1,0
style.css,214,css,1fa6c865,vsahjwani,2025-05-03,22:07:44,-07:00,2025-05-03T22:07:44-07:00,0,0
style.css,215,css,2afb799e,vsahjwani,2025-05-03,22:33:09,-07:00,2025-05-03T22:33:09-07:00,1,7
style.css,216,css,2afb799e,vsahjwani,2025-05-03,22:33:09,-07:00,2025-05-03T22:33:09-07:00,2,11
style.css,217,css,2afb799e,vsahjwani,2025-05-03,22:33:09,-07:00,2025-05-03T22:33:09-07:00,2,21
style.css,218,css,2afb799e,vsahjwani,2025-05-03,22:33:09,-07:00,2025-05-03T22:33:09-07:00,1,0
style.css,219,css,2afb799e,vsahjwani,2025-05-03,22:33:09,-07:00,2025-05-03T22:33:09-07:00,0,0
style.css,220,css,4e78ad22,vsahjwani,2025-05-03,22:40:08,-07:00,2025-05-03T22:40:08-07:00,1,15
style.css,221,css,e7cfc01d,vsahjwani,2025-05-03,22:50:47,-07:00,2025-05-03T22:50:47-07:00,2,21
style.css,222,css,e7cfc01d,vsahjwani,2025-05-03,22:50:47,-07:00,2025-05-03T22:50:47-07:00,2,33
style.css,223,css,4e78ad22,vsahjwani,2025-05-03,22:40:08,-07:00,2025-05-03T22:40:08-07:00,2,42
style.css,224,css,1fa6c865,vsahjwani,2025-05-03,22:07:44,-07:00,2025-05-03T22:07:44-07:00,1,0
style.css,225,css,1fa6c865,vsahjwani,2025-05-03,22:07:44,-07:00,2025-05-03T22:07:44-07:00,0,0
style.css,226,css,030db184,vsahjwani,2025-04-26,22:59:15,-07:00,2025-04-26T22:59:15-07:00,1,9
style.css,227,css,030db184,vsahjwani,2025-04-26,22:59:15,-07:00,2025-04-26T22:59:15-07:00,2,62
style.css,228,css,030db184,vsahjwani,2025-04-26,22:59:15,-07:00,2025-04-26T22:59:15-07:00,1,0
style.css,229,css,030db184,vsahjwani,2025-04-26,22:59:15,-07:00,2025-04-26T22:59:15-07:00,1,0
style.css,230,css,1fa6c865,vsahjwani,2025-05-03,22:07:44,-07:00,2025-05-03T22:07:44-07:00,0,0
style.css,231,css,1fa6c865,vsahjwani,2025-05-03,22:07:44,-07:00,2025-05-03T22:07:44-07:00,0,0
style.css,232,css,1fa6c865,vsahjwani,2025-05-03,22:07:44,-07:00,2025-05-03T22:07:44-07:00,0,26
style.css,233,css,2afb799e,vsahjwani,2025-05-03,22:33:09,-07:00,2025-05-03T22:33:09-07:00,1,9
style.css,234,css,1fa6c865,vsahjwani,2025-05-03,22:07:44,-07:00,2025-05-03T22:07:44-07:00,2,63
style.css,235,css,1fa6c865,vsahjwani,2025-05-03,22:07:44,-07:00,2025-05-03T22:07:44-07:00,1,0
style.css,236,css,1fa6c865,vsahjwani,2025-05-03,22:07:44,-07:00,2025-05-03T22:07:44-07:00,0,0
style.css,237,css,1fa6c865,vsahjwani,2025-05-03,22:07:44,-07:00,2025-05-03T22:07:44-07:00,0,0
style.css,238,css,1fa6c865,vsahjwani,2025-05-03,22:07:44,-07:00,2025-05-03T22:07:44-07:00,0,25
style.css,239,css,2afb799e,vsahjwani,2025-05-03,22:33:09,-07:00,2025-05-03T22:33:09-07:00,1,9
style.css,240,css,1fa6c865,vsahjwani,2025-05-03,22:07:44,-07:00,2025-05-03T22:07:44-07:00,2,50
style.css,241,css,1fa6c865,vsahjwani,2025-05-03,22:07:44,-07:00,2025-05-03T22:07:44-07:00,1,0
style.css,242,css,ea6da876,vsahjwani,2025-05-04,01:05:21,-07:00,2025-05-04T01:05:21-07:00,0,0
style.css,243,css,ea6da876,vsahjwani,2025-05-04,01:05:21,-07:00,2025-05-04T01:05:21-07:00,0,0
style.css,244,css,9a2cbba8,vsahjwani,2025-05-04,15:28:47,-07:00,2025-05-04T15:28:47-07:00,0,19
style.css,245,css,ea6da876,vsahjwani,2025-05-04,01:05:21,-07:00,2025-05-04T01:05:21-07:00,1,16
style.css,246,css,ea6da876,vsahjwani,2025-05-04,01:05:21,-07:00,2025-05-04T01:05:21-07:00,2,11
style.css,247,css,ea6da876,vsahjwani,2025-05-04,01:05:21,-07:00,2025-05-04T01:05:21-07:00,1,0
style.css,248,css,ea6da876,vsahjwani,2025-05-04,01:05:21,-07:00,2025-05-04T01:05:21-07:00,0,0
style.css,249,css,ea6da876,vsahjwani,2025-05-04,01:05:21,-07:00,2025-05-04T01:05:21-07:00,0,0
style.css,250,css,5e4cc1ad,vsahjwani,2025-05-17,17:31:16,-07:00,2025-05-17T17:31:16-07:00,0,0
style.css,251,css,5e4cc1ad,vsahjwani,2025-05-17,17:31:16,-07:00,2025-05-17T17:31:16-07:00,0,9
style.css,252,css,5e4cc1ad,vsahjwani,2025-05-17,17:31:16,-07:00,2025-05-17T17:31:16-07:00,1,35
style.css,253,css,5e4cc1ad,vsahjwani,2025-05-17,17:31:16,-07:00,2025-05-17T17:31:16-07:00,0,0
style.css,254,css,5e4cc1ad,vsahjwani,2025-05-17,17:31:16,-07:00,2025-05-17T17:31:16-07:00,0,0
style.css,255,css,9a2cbba8,vsahjwani,2025-05-04,15:28:47,-07:00,2025-05-04T15:28:47-07:00,0,8
style.css,256,css,ea6da876,vsahjwani,2025-05-04,01:05:21,-07:00,2025-05-04T01:05:21-07:00,1,16
style.css,257,css,fd68ed8f,vsahjwani,2025-05-04,15:17:09,-07:00,2025-05-04T15:17:09-07:00,1,14
style.css,258,css,fd68ed8f,vsahjwani,2025-05-04,15:17:09,-07:00,2025-05-04T15:17:09-07:00,0,0
style.css,259,css,fd68ed8f,vsahjwani,2025-05-04,15:17:09,-07:00,2025-05-04T15:17:09-07:00,0,0
style.css,260,css,9a2cbba8,vsahjwani,2025-05-04,15:28:47,-07:00,2025-05-04T15:28:47-07:00,0,17
style.css,261,css,ed178625,vsahjwani,2025-05-17,17:24:29,-07:00,2025-05-17T17:24:29-07:00,1,35
style.css,262,css,ed178625,vsahjwani,2025-05-17,17:24:29,-07:00,2025-05-17T17:24:29-07:00,0,0
style.css,263,css,ed178625,vsahjwani,2025-05-17,17:24:29,-07:00,2025-05-17T17:24:29-07:00,1,10
style.css,264,css,ed178625,vsahjwani,2025-05-17,17:24:29,-07:00,2025-05-17T17:24:29-07:00,2,17
style.css,265,css,ea6da876,vsahjwani,2025-05-04,01:05:21,-07:00,2025-05-04T01:05:21-07:00,1,0
style.css,266,css,ed178625,vsahjwani,2025-05-17,17:24:29,-07:00,2025-05-17T17:24:29-07:00,0,0
style.css,267,css,fd68ed8f,vsahjwani,2025-05-04,15:17:09,-07:00,2025-05-04T15:17:09-07:00,0,0
style.css,268,css,5e4cc1ad,vsahjwani,2025-05-17,17:31:16,-07:00,2025-05-17T17:31:16-07:00,0,4
style.css,269,css,5e4cc1ad,vsahjwani,2025-05-17,17:31:16,-07:00,2025-05-17T17:31:16-07:00,1,14
style.css,270,css,5e4cc1ad,vsahjwani,2025-05-17,17:31:16,-07:00,2025-05-17T17:31:16-07:00,0,0
style.css,271,css,5e4cc1ad,vsahjwani,2025-05-17,17:31:16,-07:00,2025-05-17T17:31:16-07:00,0,0
style.css,272,css,5e4cc1ad,vsahjwani,2025-05-17,17:31:16,-07:00,2025-05-17T17:31:16-07:00,0,0
style.css,273,css,5e4cc1ad,vsahjwani,2025-05-17,17:31:16,-07:00,2025-05-17T17:31:16-07:00,0,0
style.css,274,css,fd68ed8f,vsahjwani,2025-05-04,15:17:09,-07:00,2025-05-04T15:17:09-07:00,0,7
style.css,275,css,fd68ed8f,vsahjwani,2025-05-04,15:17:09,-07:00,2025-05-04T15:17:09-07:00,1,12
style.css,276,css,fd68ed8f,vsahjwani,2025-05-04,15:17:09,-07:00,2025-05-04T15:17:09-07:00,1,57
style.css,277,css,fd68ed8f,vsahjwani,2025-05-04,15:17:09,-07:00,2025-05-04T15:17:09-07:00,1,8
style.css,278,css,fd68ed8f,vsahjwani,2025-05-04,15:17:09,-07:00,2025-05-04T15:17:09-07:00,1,17
style.css,279,css,fd68ed8f,vsahjwani,2025-05-04,15:17:09,-07:00,2025-05-04T15:17:09-07:00,1,9
style.css,280,css,fd68ed8f,vsahjwani,2025-05-04,15:17:09,-07:00,2025-05-04T15:17:09-07:00,1,15
style.css,281,css,fd68ed8f,vsahjwani,2025-05-04,15:17:09,-07:00,2025-05-04T15:17:09-07:00,0,0
style.css,282,css,fd68ed8f,vsahjwani,2025-05-04,15:17:09,-07:00,2025-05-04T15:17:09-07:00,0,0
style.css,283,css,234d9f83,vsahjwani,2025-05-09,09:50:07,-07:00,2025-05-09T09:50:07-07:00,0,10
style.css,284,css,234d9f83,vsahjwani,2025-05-09,09:50:07,-07:00,2025-05-09T09:50:07-07:00,1,12
style.css,285,css,fd68ed8f,vsahjwani,2025-05-04,15:17:09,-07:00,2025-05-04T15:17:09-07:00,1,18
style.css,286,css,fd68ed8f,vsahjwani,2025-05-04,15:17:09,-07:00,2025-05-04T15:17:09-07:00,1,9
style.css,287,css,fd68ed8f,vsahjwani,2025-05-04,15:17:09,-07:00,2025-05-04T15:17:09-07:00,1,13
style.css,288,css,fd68ed8f,vsahjwani,2025-05-04,15:17:09,-07:00,2025-05-04T15:17:09-07:00,0,0
style.css,289,css,fd68ed8f,vsahjwani,2025-05-04,15:17:09,-07:00,2025-05-04T15:17:09-07:00,0,0
style.css,290,css,234d9f83,vsahjwani,2025-05-09,09:50:07,-07:00,2025-05-09T09:50:07-07:00,0,19
style.css,291,css,fd68ed8f,vsahjwani,2025-05-04,15:17:09,-07:00,2025-05-04T15:17:09-07:00,1,39
style.css,292,css,fd68ed8f,vsahjwani,2025-05-04,15:17:09,-07:00,2025-05-04T15:17:09-07:00,0,0
style.css,293,css,fd68ed8f,vsahjwani,2025-05-04,15:17:09,-07:00,2025-05-04T15:17:09-07:00,0,0
style.css,294,css,fd68ed8f,vsahjwani,2025-05-04,15:17:09,-07:00,2025-05-04T15:17:09-07:00,0,15
style.css,295,css,fd68ed8f,vsahjwani,2025-05-04,15:17:09,-07:00,2025-05-04T15:17:09-07:00,1,9
style.css,296,css,fd68ed8f,vsahjwani,2025-05-04,15:17:09,-07:00,2025-05-04T15:17:09-07:00,1,16
style.css,297,css,fd68ed8f,vsahjwani,2025-05-04,15:17:09,-07:00,2025-05-04T15:17:09-07:00,1,29
style.css,298,css,fd68ed8f,vsahjwani,2025-05-04,15:17:09,-07:00,2025-05-04T15:17:09-07:00,1,21
style.css,299,css,c46d4e16,vsahjwani,2025-05-09,09:39:30,-07:00,2025-05-09T09:39:30-07:00,0,0
style.css,300,css,c46d4e16,vsahjwani,2025-05-09,09:39:30,-07:00,2025-05-09T09:39:30-07:00,0,0
style.css,301,css,234d9f83,vsahjwani,2025-05-09,09:50:07,-07:00,2025-05-09T09:50:07-07:00,0,10
style.css,302,css,381be042,vsahjwani,2025-05-09,09:40:50,-07:00,2025-05-09T09:40:50-07:00,1,12
style.css,303,css,d3803daf,vsahjwani,2025-05-09,10:01:43,-07:00,2025-05-09T10:01:43-07:00,1,8
style.css,304,css,9e883ebc,vsahjwani,2025-04-18,23:11:59,-07:00,2025-04-18T23:11:59-07:00,0,0
project-2.html,1,html,9f0e010c,vsahjwani,2025-04-29,23:49:38,-07:00,2025-04-29T23:49:38-07:00,0,13
project-2.html,2,html,9f0e010c,vsahjwani,2025-04-29,23:49:38,-07:00,2025-04-29T23:49:38-07:00,0,14
project-2.html,3,html,9f0e010c,vsahjwani,2025-04-29,23:49:38,-07:00,2025-04-29T23:49:38-07:00,1,4
project-2.html,4,html,9f0e010c,vsahjwani,2025-04-29,23:49:38,-07:00,2025-04-29T23:49:38-07:00,2,17
project-2.html,5,html,9f0e010c,vsahjwani,2025-04-29,23:49:38,-07:00,2025-04-29T23:49:38-07:00,2,38
project-2.html,6,html,9f0e010c,vsahjwani,2025-04-29,23:49:38,-07:00,2025-04-29T23:49:38-07:00,2,45
project-2.html,7,html,9f0e010c,vsahjwani,2025-04-29,23:49:38,-07:00,2025-04-29T23:49:38-07:00,1,5
project-2.html,8,html,9f0e010c,vsahjwani,2025-04-29,23:49:38,-07:00,2025-04-29T23:49:38-07:00,1,4
project-2.html,9,html,9f0e010c,vsahjwani,2025-04-29,23:49:38,-07:00,2025-04-29T23:49:38-07:00,2,47
project-2.html,10,html,9f0e010c,vsahjwani,2025-04-29,23:49:38,-07:00,2025-04-29T23:49:38-07:00,2,23
project-2.html,11,html,487cd7f0,vsahjwani,2025-04-30,00:01:23,-07:00,2025-04-30T00:01:23-07:00,0,0
project-2.html,12,html,487cd7f0,vsahjwani,2025-04-30,00:01:23,-07:00,2025-04-30T00:01:23-07:00,2,12
project-2.html,13,html,487cd7f0,vsahjwani,2025-04-30,00:01:23,-07:00,2025-04-30T00:01:23-07:00,0,0
project-2.html,14,html,487cd7f0,vsahjwani,2025-04-30,00:01:23,-07:00,2025-04-30T00:01:23-07:00,2,28
project-2.html,15,html,487cd7f0,vsahjwani,2025-04-30,00:01:23,-07:00,2025-04-30T00:01:23-07:00,2,582
project-2.html,16,html,487cd7f0,vsahjwani,2025-04-30,00:01:23,-07:00,2025-04-30T00:01:23-07:00,1,0
project-2.html,17,html,487cd7f0,vsahjwani,2025-04-30,00:01:23,-07:00,2025-04-30T00:01:23-07:00,2,13
project-2.html,18,html,487cd7f0,vsahjwani,2025-04-30,00:01:23,-07:00,2025-04-30T00:01:23-07:00,2,599
project-2.html,19,html,487cd7f0,vsahjwani,2025-04-30,00:01:23,-07:00,2025-04-30T00:01:23-07:00,1,0
project-2.html,20,html,487cd7f0,vsahjwani,2025-04-30,00:01:23,-07:00,2025-04-30T00:01:23-07:00,2,17
project-2.html,21,html,487cd7f0,vsahjwani,2025-04-30,00:01:23,-07:00,2025-04-30T00:01:23-07:00,2,297
project-2.html,22,html,487cd7f0,vsahjwani,2025-04-30,00:01:23,-07:00,2025-04-30T00:01:23-07:00,1,0
project-2.html,23,html,487cd7f0,vsahjwani,2025-04-30,00:01:23,-07:00,2025-04-30T00:01:23-07:00,2,11
project-2.html,24,html,487cd7f0,vsahjwani,2025-04-30,00:01:23,-07:00,2025-04-30T00:01:23-07:00,2,335
project-2.html,25,html,487cd7f0,vsahjwani,2025-04-30,00:01:23,-07:00,2025-04-30T00:01:23-07:00,2,0
project-2.html,26,html,9f0e010c,vsahjwani,2025-04-29,23:49:38,-07:00,2025-04-29T23:49:38-07:00,2,23
project-2.html,27,html,487cd7f0,vsahjwani,2025-04-30,00:01:23,-07:00,2025-04-30T00:01:23-07:00,1,0
project-2.html,28,html,487cd7f0,vsahjwani,2025-04-30,00:01:23,-07:00,2025-04-30T00:01:23-07:00,2,12
project-2.html,29,html,487cd7f0,vsahjwani,2025-04-30,00:01:23,-07:00,2025-04-30T00:01:23-07:00,1,0
project-2.html,30,html,487cd7f0,vsahjwani,2025-04-30,00:01:23,-07:00,2025-04-30T00:01:23-07:00,2,28
project-2.html,31,html,487cd7f0,vsahjwani,2025-04-30,00:01:23,-07:00,2025-04-30T00:01:23-07:00,2,452
project-2.html,32,html,487cd7f0,vsahjwani,2025-04-30,00:01:23,-07:00,2025-04-30T00:01:23-07:00,1,0
project-2.html,33,html,487cd7f0,vsahjwani,2025-04-30,00:01:23,-07:00,2025-04-30T00:01:23-07:00,2,13
project-2.html,34,html,487cd7f0,vsahjwani,2025-04-30,00:01:23,-07:00,2025-04-30T00:01:23-07:00,2,344
project-2.html,35,html,487cd7f0,vsahjwani,2025-04-30,00:01:23,-07:00,2025-04-30T00:01:23-07:00,1,0
project-2.html,36,html,487cd7f0,vsahjwani,2025-04-30,00:01:23,-07:00,2025-04-30T00:01:23-07:00,2,17
project-2.html,37,html,487cd7f0,vsahjwani,2025-04-30,00:01:23,-07:00,2025-04-30T00:01:23-07:00,2,314
project-2.html,38,html,487cd7f0,vsahjwani,2025-04-30,00:01:23,-07:00,2025-04-30T00:01:23-07:00,1,0
project-2.html,39,html,487cd7f0,vsahjwani,2025-04-30,00:01:23,-07:00,2025-04-30T00:01:23-07:00,2,11
project-2.html,40,html,487cd7f0,vsahjwani,2025-04-30,00:01:23,-07:00,2025-04-30T00:01:23-07:00,2,202
project-2.html,41,html,487cd7f0,vsahjwani,2025-04-30,00:01:23,-07:00,2025-04-30T00:01:23-07:00,0,0
project-2.html,42,html,18a983f1,vsahjwani,2025-04-30,00:20:28,-07:00,2025-04-30T00:20:28-07:00,2,23
project-2.html,43,html,18a983f1,vsahjwani,2025-04-30,00:20:28,-07:00,2025-04-30T00:20:28-07:00,0,0
project-2.html,44,html,18a983f1,vsahjwani,2025-04-30,00:20:28,-07:00,2025-04-30T00:20:28-07:00,2,596
project-2.html,45,html,18a983f1,vsahjwani,2025-04-30,00:20:28,-07:00,2025-04-30T00:20:28-07:00,2,0
project-2.html,46,html,18a983f1,vsahjwani,2025-04-30,00:20:28,-07:00,2025-04-30T00:20:28-07:00,2,524
project-2.html,47,html,18a983f1,vsahjwani,2025-04-30,00:20:28,-07:00,2025-04-30T00:20:28-07:00,2,0
project-2.html,48,html,18a983f1,vsahjwani,2025-04-30,00:20:28,-07:00,2025-04-30T00:20:28-07:00,2,864
project-2.html,49,html,18a983f1,vsahjwani,2025-04-30,00:20:28,-07:00,2025-04-30T00:20:28-07:00,2,0
project-2.html,50,html,18a983f1,vsahjwani,2025-04-30,00:20:28,-07:00,2025-04-30T00:20:28-07:00,0,0
project-2.html,51,html,9f0e010c,vsahjwani,2025-04-29,23:49:38,-07:00,2025-04-29T23:49:38-07:00,1,44
project-2.html,52,html,9f0e010c,vsahjwani,2025-04-29,23:49:38,-07:00,2025-04-29T23:49:38-07:00,0,5
project-2.html,53,html,9f0e010c,vsahjwani,2025-04-29,23:49:38,-07:00,2025-04-29T23:49:38-07:00,0,5
index.js,1,js,15e02f5b,vsahjwani,2025-04-26,22:18:27,-07:00,2025-04-26T22:18:27-07:00,0,71
index.js,2,js,15e02f5b,vsahjwani,2025-04-26,22:18:27,-07:00,2025-04-26T22:18:27-07:00,0,0
index.js,3,js,15e02f5b,vsahjwani,2025-04-26,22:18:27,-07:00,2025-04-26T22:18:27-07:00,0,12
index.js,4,js,15e02f5b,vsahjwani,2025-04-26,22:18:27,-07:00,2025-04-26T22:18:27-07:00,2,0
index.js,5,js,15e02f5b,vsahjwani,2025-04-26,22:18:27,-07:00,2025-04-26T22:18:27-07:00,1,3
index.js,6,js,15e02f5b,vsahjwani,2025-04-26,22:18:27,-07:00,2025-04-26T22:18:27-07:00,2,57
index.js,7,js,15e02f5b,vsahjwani,2025-04-26,22:18:27,-07:00,2025-04-26T22:18:27-07:00,2,45
index.js,8,js,15e02f5b,vsahjwani,2025-04-26,22:18:27,-07:00,2025-04-26T22:18:27-07:00,2,52
index.js,9,js,15e02f5b,vsahjwani,2025-04-26,22:18:27,-07:00,2025-04-26T22:18:27-07:00,2,46
index.js,10,js,15e02f5b,vsahjwani,2025-04-26,22:18:27,-07:00,2025-04-26T22:18:27-07:00,1,15
index.js,11,js,15e02f5b,vsahjwani,2025-04-26,22:18:27,-07:00,2025-04-26T22:18:27-07:00,2,46
index.js,12,js,15e02f5b,vsahjwani,2025-04-26,22:18:27,-07:00,2025-04-26T22:18:27-07:00,1,0
index.js,13,js,ad83c196,vsahjwani,2025-04-26,22:33:56,-07:00,2025-04-26T22:33:56-07:00,1,52
index.js,14,js,15e02f5b,vsahjwani,2025-04-26,22:18:27,-07:00,2025-04-26T22:18:27-07:00,1,60
index.js,15,js,15e02f5b,vsahjwani,2025-04-26,22:18:27,-07:00,2025-04-26T22:18:27-07:00,1,0
index.js,16,js,15e02f5b,vsahjwani,2025-04-26,22:18:27,-07:00,2025-04-26T22:18:27-07:00,1,31
index.js,17,js,15e02f5b,vsahjwani,2025-04-26,22:18:27,-07:00,2025-04-26T22:18:27-07:00,2,24
index.js,18,js,15e02f5b,vsahjwani,2025-04-26,22:18:27,-07:00,2025-04-26T22:18:27-07:00,3,2
index.js,19,js,15e02f5b,vsahjwani,2025-04-26,22:18:27,-07:00,2025-04-26T22:18:27-07:00,4,47
index.js,20,js,15e02f5b,vsahjwani,2025-04-26,22:18:27,-07:00,2025-04-26T22:18:27-07:00,4,48
index.js,21,js,15e02f5b,vsahjwani,2025-04-26,22:18:27,-07:00,2025-04-26T22:18:27-07:00,4,48
index.js,22,js,15e02f5b,vsahjwani,2025-04-26,22:18:27,-07:00,2025-04-26T22:18:27-07:00,3,3
index.js,23,js,15e02f5b,vsahjwani,2025-04-26,22:18:27,-07:00,2025-04-26T22:18:27-07:00,2,0
index.js,24,js,15e02f5b,vsahjwani,2025-04-26,22:18:27,-07:00,2025-04-26T22:18:27-07:00,1,0
index.js,25,js,15e02f5b,vsahjwani,2025-04-26,22:18:27,-07:00,2025-04-26T22:18:27-07:00,0,3
index.html,1,html,7f14785b,vsahjwani,2025-04-18,23:29:27,-07:00,2025-04-18T23:29:27-07:00,0,13
index.html,2,html,7f14785b,vsahjwani,2025-04-18,23:29:27,-07:00,2025-04-18T23:29:27-07:00,0,14
index.html,3,html,7f14785b,vsahjwani,2025-04-18,23:29:27,-07:00,2025-04-18T23:29:27-07:00,1,4
index.html,4,html,7f14785b,vsahjwani,2025-04-18,23:29:27,-07:00,2025-04-18T23:29:27-07:00,2,55
index.html,5,html,d97d7a19,vsahjwani,2025-04-04,23:12:26,-07:00,2025-04-04T23:12:26-07:00,2,38
index.html,6,html,a906ce88,vsahjwani,2025-04-18,23:15:28,-07:00,2025-04-18T23:15:28-07:00,2,45
index.html,7,html,7f14785b,vsahjwani,2025-04-18,23:29:27,-07:00,2025-04-18T23:29:27-07:00,1,5
index.html,8,html,7f14785b,vsahjwani,2025-04-18,23:29:27,-07:00,2025-04-18T23:29:27-07:00,1,4
index.html,9,html,7f14785b,vsahjwani,2025-04-18,23:29:27,-07:00,2025-04-18T23:29:27-07:00,2,20
index.html,10,html,7f14785b,vsahjwani,2025-04-18,23:29:27,-07:00,2025-04-18T23:29:27-07:00,2,253
index.html,11,html,9f0e010c,vsahjwani,2025-04-29,23:49:38,-07:00,2025-04-29T23:49:38-07:00,2,44
index.html,12,html,7f14785b,vsahjwani,2025-04-18,23:29:27,-07:00,2025-04-18T23:29:27-07:00,2,105
index.html,13,html,15e02f5b,vsahjwani,2025-04-26,22:18:27,-07:00,2025-04-26T22:18:27-07:00,2,22
index.html,14,html,15e02f5b,vsahjwani,2025-04-26,22:18:27,-07:00,2025-04-26T22:18:27-07:00,1,26
index.html,15,html,15e02f5b,vsahjwani,2025-04-26,22:18:27,-07:00,2025-04-26T22:18:27-07:00,1,28
index.html,16,html,15e02f5b,vsahjwani,2025-04-26,22:18:27,-07:00,2025-04-26T22:18:27-07:00,1,44
index.html,17,html,15e02f5b,vsahjwani,2025-04-26,22:18:27,-07:00,2025-04-26T22:18:27-07:00,0,5
index.html,18,html,7f14785b,vsahjwani,2025-04-18,23:29:27,-07:00,2025-04-18T23:29:27-07:00,0,5
global.js,1,js,9e883ebc,vsahjwani,2025-04-18,23:11:59,-07:00,2025-04-18T23:11:59-07:00,0,26
global.js,2,js,afa30286,vsahjwani,2025-04-18,22:20:50,-07:00,2025-04-18T22:20:50-07:00,0,0
global.js,3,js,afa30286,vsahjwani,2025-04-18,22:20:50,-07:00,2025-04-18T22:20:50-07:00,0,41
global.js,4,js,afa30286,vsahjwani,2025-04-18,22:20:50,-07:00,2025-04-18T22:20:50-07:00,1,52
global.js,5,js,63df9177,vsahjwani,2025-04-18,22:53:34,-07:00,2025-04-18T22:53:34-07:00,0,0
global.js,6,js,63df9177,vsahjwani,2025-04-18,22:53:34,-07:00,2025-04-18T22:53:34-07:00,0,0
global.js,7,js,2a2a4423,vsahjwani,2025-04-18,23:50:12,-07:00,2025-04-18T23:50:12-07:00,0,42
global.js,8,js,2a2a4423,vsahjwani,2025-04-18,23:50:12,-07:00,2025-04-18T23:50:12-07:00,0,85
global.js,9,js,2a2a4423,vsahjwani,2025-04-18,23:50:12,-07:00,2025-04-18T23:50:12-07:00,0,45
global.js,10,js,2a2a4423,vsahjwani,2025-04-18,23:50:12,-07:00,2025-04-18T23:50:12-07:00,0,0
global.js,11,js,2a2a4423,vsahjwani,2025-04-18,23:50:12,-07:00,2025-04-18T23:50:12-07:00,0,45
global.js,12,js,63df9177,vsahjwani,2025-04-18,22:53:34,-07:00,2025-04-18T22:53:34-07:00,0,11
global.js,13,js,2a2a4423,vsahjwani,2025-04-18,23:50:12,-07:00,2025-04-18T23:50:12-07:00,2,25
global.js,14,js,2a2a4423,vsahjwani,2025-04-18,23:50:12,-07:00,2025-04-18T23:50:12-07:00,2,38
global.js,15,js,2a2a4423,vsahjwani,2025-04-18,23:50:12,-07:00,2025-04-18T23:50:12-07:00,2,34
global.js,16,js,2a2a4423,vsahjwani,2025-04-18,23:50:12,-07:00,2025-04-18T23:50:12-07:00,2,36
global.js,17,js,298aa38e,vsahjwani,2025-04-18,23:40:31,-07:00,2025-04-18T23:40:31-07:00,2,56
global.js,18,js,2a2a4423,vsahjwani,2025-04-18,23:50:12,-07:00,2025-04-18T23:50:12-07:00,0,0
global.js,19,js,9e883ebc,vsahjwani,2025-04-18,23:11:59,-07:00,2025-04-18T23:11:59-07:00,0,0
global.js,20,js,2a2a4423,vsahjwani,2025-04-18,23:50:12,-07:00,2025-04-18T23:50:12-07:00,0,18
global.js,21,js,9e883ebc,vsahjwani,2025-04-18,23:11:59,-07:00,2025-04-18T23:11:59-07:00,0,38
global.js,22,js,9e883ebc,vsahjwani,2025-04-18,23:11:59,-07:00,2025-04-18T23:11:59-07:00,0,25
global.js,23,js,9e883ebc,vsahjwani,2025-04-18,23:11:59,-07:00,2025-04-18T23:11:59-07:00,0,0
global.js,24,js,9e883ebc,vsahjwani,2025-04-18,23:11:59,-07:00,2025-04-18T23:11:59-07:00,0,20
global.js,25,js,6790946c,vsahjwani,2025-04-26,22:03:54,-07:00,2025-04-26T22:03:54-07:00,1,14
global.js,26,js,6790946c,vsahjwani,2025-04-26,22:03:54,-07:00,2025-04-26T22:03:54-07:00,1,43
global.js,27,js,6790946c,vsahjwani,2025-04-26,22:03:54,-07:00,2025-04-26T22:03:54-07:00,1,30
global.js,28,js,6790946c,vsahjwani,2025-04-26,22:03:54,-07:00,2025-04-26T22:03:54-07:00,3,12
global.js,29,js,6790946c,vsahjwani,2025-04-26,22:03:54,-07:00,2025-04-26T22:03:54-07:00,5,40
global.js,30,js,6790946c,vsahjwani,2025-04-26,22:03:54,-07:00,2025-04-26T22:03:54-07:00,3,6
global.js,31,js,6790946c,vsahjwani,2025-04-26,22:03:54,-07:00,2025-04-26T22:03:54-07:00,5,67
global.js,32,js,6790946c,vsahjwani,2025-04-26,22:03:54,-07:00,2025-04-26T22:03:54-07:00,3,0
global.js,33,js,6790946c,vsahjwani,2025-04-26,22:03:54,-07:00,2025-04-26T22:03:54-07:00,1,0
global.js,34,js,6790946c,vsahjwani,2025-04-26,22:03:54,-07:00,2025-04-26T22:03:54-07:00,1,0
global.js,35,js,6790946c,vsahjwani,2025-04-26,22:03:54,-07:00,2025-04-26T22:03:54-07:00,1,34
global.js,36,js,6790946c,vsahjwani,2025-04-26,22:03:54,-07:00,2025-04-26T22:03:54-07:00,1,11
global.js,37,js,6790946c,vsahjwani,2025-04-26,22:03:54,-07:00,2025-04-26T22:03:54-07:00,1,22
global.js,38,js,6790946c,vsahjwani,2025-04-26,22:03:54,-07:00,2025-04-26T22:03:54-07:00,1,12
global.js,39,js,32cdd1df,vsahjwani,2025-04-18,23:45:32,-07:00,2025-04-18T23:45:32-07:00,0,0
global.js,40,js,6790946c,vsahjwani,2025-04-26,22:03:54,-07:00,2025-04-26T22:03:54-07:00,1,36
global.js,41,js,6790946c,vsahjwani,2025-04-26,22:03:54,-07:00,2025-04-26T22:03:54-07:00,1,65
global.js,42,js,6790946c,vsahjwani,2025-04-26,22:03:54,-07:00,2025-04-26T22:03:54-07:00,3,25
global.js,43,js,6790946c,vsahjwani,2025-04-26,22:03:54,-07:00,2025-04-26T22:03:54-07:00,1,0
global.js,44,js,6790946c,vsahjwani,2025-04-26,22:03:54,-07:00,2025-04-26T22:03:54-07:00,1,0
global.js,45,js,6790946c,vsahjwani,2025-04-26,22:03:54,-07:00,2025-04-26T22:03:54-07:00,1,29
global.js,46,js,6790946c,vsahjwani,2025-04-26,22:03:54,-07:00,2025-04-26T22:03:54-07:00,3,18
global.js,47,js,6790946c,vsahjwani,2025-04-26,22:03:54,-07:00,2025-04-26T22:03:54-07:00,1,0
global.js,48,js,9e883ebc,vsahjwani,2025-04-18,23:11:59,-07:00,2025-04-18T23:11:59-07:00,0,0
global.js,49,js,9e883ebc,vsahjwani,2025-04-18,23:11:59,-07:00,2025-04-18T23:11:59-07:00,0,0
global.js,50,js,9e883ebc,vsahjwani,2025-04-18,23:11:59,-07:00,2025-04-18T23:11:59-07:00,0,31
global.js,51,js,9e883ebc,vsahjwani,2025-04-18,23:11:59,-07:00,2025-04-18T23:11:59-07:00,1,11
global.js,52,js,9e883ebc,vsahjwani,2025-04-18,23:11:59,-07:00,2025-04-18T23:11:59-07:00,1,0
global.js,53,js,9e883ebc,vsahjwani,2025-04-18,23:11:59,-07:00,2025-04-18T23:11:59-07:00,1,26
global.js,54,js,9e883ebc,vsahjwani,2025-04-18,23:11:59,-07:00,2025-04-18T23:11:59-07:00,2,4
global.js,55,js,9e883ebc,vsahjwani,2025-04-18,23:11:59,-07:00,2025-04-18T23:11:59-07:00,2,6
global.js,56,js,9e883ebc,vsahjwani,2025-04-18,23:11:59,-07:00,2025-04-18T23:11:59-07:00,3,43
global.js,57,js,9e883ebc,vsahjwani,2025-04-18,23:11:59,-07:00,2025-04-18T23:11:59-07:00,3,34
global.js,58,js,9e883ebc,vsahjwani,2025-04-18,23:11:59,-07:00,2025-04-18T23:11:59-07:00,3,32
global.js,59,js,9e883ebc,vsahjwani,2025-04-18,23:11:59,-07:00,2025-04-18T23:11:59-07:00,2,7
global.js,60,js,9e883ebc,vsahjwani,2025-04-18,23:11:59,-07:00,2025-04-18T23:11:59-07:00,1,6
global.js,61,js,9e883ebc,vsahjwani,2025-04-18,23:11:59,-07:00,2025-04-18T23:11:59-07:00,1,0
global.js,62,js,9e883ebc,vsahjwani,2025-04-18,23:11:59,-07:00,2025-04-18T23:11:59-07:00,0,0
global.js,63,js,9e883ebc,vsahjwani,2025-04-18,23:11:59,-07:00,2025-04-18T23:11:59-07:00,0,0
global.js,64,js,9e883ebc,vsahjwani,2025-04-18,23:11:59,-07:00,2025-04-18T23:11:59-07:00,0,43
global.js,65,js,9e883ebc,vsahjwani,2025-04-18,23:11:59,-07:00,2025-04-18T23:11:59-07:00,0,60
global.js,66,js,63df9177,vsahjwani,2025-04-18,22:53:34,-07:00,2025-04-18T22:53:34-07:00,0,0
global.js,67,js,9e883ebc,vsahjwani,2025-04-18,23:11:59,-07:00,2025-04-18T23:11:59-07:00,0,29
global.js,68,js,9e883ebc,vsahjwani,2025-04-18,23:11:59,-07:00,2025-04-18T23:11:59-07:00,0,36
global.js,69,js,9e883ebc,vsahjwani,2025-04-18,23:11:59,-07:00,2025-04-18T23:11:59-07:00,1,70
global.js,70,js,9e883ebc,vsahjwani,2025-04-18,23:11:59,-07:00,2025-04-18T23:11:59-07:00,1,25
global.js,71,js,9e883ebc,vsahjwani,2025-04-18,23:11:59,-07:00,2025-04-18T23:11:59-07:00,0,0
global.js,72,js,9e883ebc,vsahjwani,2025-04-18,23:11:59,-07:00,2025-04-18T23:11:59-07:00,0,0
global.js,73,js,9e883ebc,vsahjwani,2025-04-18,23:11:59,-07:00,2025-04-18T23:11:59-07:00,0,63
global.js,74,js,9e883ebc,vsahjwani,2025-04-18,23:11:59,-07:00,2025-04-18T23:11:59-07:00,0,34
global.js,75,js,9e883ebc,vsahjwani,2025-04-18,23:11:59,-07:00,2025-04-18T23:11:59-07:00,1,39
global.js,76,js,9e883ebc,vsahjwani,2025-04-18,23:11:59,-07:00,2025-04-18T23:11:59-07:00,0,0
global.js,77,js,9e883ebc,vsahjwani,2025-04-18,23:11:59,-07:00,2025-04-18T23:11:59-07:00,0,0
global.js,78,js,9e883ebc,vsahjwani,2025-04-18,23:11:59,-07:00,2025-04-18T23:11:59-07:00,0,41
global.js,79,js,9e883ebc,vsahjwani,2025-04-18,23:11:59,-07:00,2025-04-18T23:11:59-07:00,0,48
global.js,80,js,9e883ebc,vsahjwani,2025-04-18,23:11:59,-07:00,2025-04-18T23:11:59-07:00,1,40
global.js,81,js,9e883ebc,vsahjwani,2025-04-18,23:11:59,-07:00,2025-04-18T23:11:59-07:00,1,29
global.js,82,js,9e883ebc,vsahjwani,2025-04-18,23:11:59,-07:00,2025-04-18T23:11:59-07:00,1,40
global.js,83,js,9e883ebc,vsahjwani,2025-04-18,23:11:59,-07:00,2025-04-18T23:11:59-07:00,0,1
global.js,84,js,9e883ebc,vsahjwani,2025-04-18,23:11:59,-07:00,2025-04-18T23:11:59-07:00,0,0
global.js,85,js,9e883ebc,vsahjwani,2025-04-18,23:11:59,-07:00,2025-04-18T23:11:59-07:00,0,39
global.js,86,js,9e883ebc,vsahjwani,2025-04-18,23:11:59,-07:00,2025-04-18T23:11:59-07:00,0,68
global.js,87,js,9e883ebc,vsahjwani,2025-04-18,23:11:59,-07:00,2025-04-18T23:11:59-07:00,0,0
global.js,88,js,9e883ebc,vsahjwani,2025-04-18,23:11:59,-07:00,2025-04-18T23:11:59-07:00,0,55
global.js,89,js,9e883ebc,vsahjwani,2025-04-18,23:11:59,-07:00,2025-04-18T23:11:59-07:00,1,21
global.js,90,js,9e883ebc,vsahjwani,2025-04-18,23:11:59,-07:00,2025-04-18T23:11:59-07:00,1,0
global.js,91,js,9e883ebc,vsahjwani,2025-04-18,23:11:59,-07:00,2025-04-18T23:11:59-07:00,1,37
global.js,92,js,9e883ebc,vsahjwani,2025-04-18,23:11:59,-07:00,2025-04-18T23:11:59-07:00,1,33
global.js,93,js,9e883ebc,vsahjwani,2025-04-18,23:11:59,-07:00,2025-04-18T23:11:59-07:00,1,14
global.js,94,js,9e883ebc,vsahjwani,2025-04-18,23:11:59,-07:00,2025-04-18T23:11:59-07:00,1,0
global.js,95,js,9e883ebc,vsahjwani,2025-04-18,23:11:59,-07:00,2025-04-18T23:11:59-07:00,1,31
global.js,96,js,9e883ebc,vsahjwani,2025-04-18,23:11:59,-07:00,2025-04-18T23:11:59-07:00,2,50
global.js,97,js,9e883ebc,vsahjwani,2025-04-18,23:11:59,-07:00,2025-04-18T23:11:59-07:00,1,0
global.js,98,js,9e883ebc,vsahjwani,2025-04-18,23:11:59,-07:00,2025-04-18T23:11:59-07:00,1,0
global.js,99,js,9e883ebc,vsahjwani,2025-04-18,23:11:59,-07:00,2025-04-18T23:11:59-07:00,1,22
global.js,100,js,9e883ebc,vsahjwani,2025-04-18,23:11:59,-07:00,2025-04-18T23:11:59-07:00,1,18
global.js,101,js,15e02f5b,vsahjwani,2025-04-26,22:18:27,-07:00,2025-04-26T22:18:27-07:00,0,1
global.js,102,js,15e02f5b,vsahjwani,2025-04-26,22:18:27,-07:00,2025-04-26T22:18:27-07:00,0,0
global.js,103,js,15e02f5b,vsahjwani,2025-04-26,22:18:27,-07:00,2025-04-26T22:18:27-07:00,0,36
global.js,104,js,15e02f5b,vsahjwani,2025-04-26,22:18:27,-07:00,2025-04-26T22:18:27-07:00,1,3
global.js,105,js,15e02f5b,vsahjwani,2025-04-26,22:18:27,-07:00,2025-04-26T22:18:27-07:00,2,32
global.js,106,js,15e02f5b,vsahjwani,2025-04-26,22:18:27,-07:00,2025-04-26T22:18:27-07:00,2,75
global.js,107,js,15e02f5b,vsahjwani,2025-04-26,22:18:27,-07:00,2025-04-26T22:18:27-07:00,2,27
global.js,108,js,15e02f5b,vsahjwani,2025-04-26,22:18:27,-07:00,2025-04-26T22:18:27-07:00,1,15
global.js,109,js,15e02f5b,vsahjwani,2025-04-26,22:18:27,-07:00,2025-04-26T22:18:27-07:00,2,29
global.js,110,js,15e02f5b,vsahjwani,2025-04-26,22:18:27,-07:00,2025-04-26T22:18:27-07:00,2,8
global.js,111,js,15e02f5b,vsahjwani,2025-04-26,22:18:27,-07:00,2025-04-26T22:18:27-07:00,1,0
global.js,112,js,15e02f5b,vsahjwani,2025-04-26,22:18:27,-07:00,2025-04-26T22:18:27-07:00,0,0
global.js,113,js,15e02f5b,vsahjwani,2025-04-26,22:18:27,-07:00,2025-04-26T22:18:27-07:00,0,0
global.js,114,js,15e02f5b,vsahjwani,2025-04-26,22:18:27,-07:00,2025-04-26T22:18:27-07:00,0,72
global.js,115,js,15e02f5b,vsahjwani,2025-04-26,22:18:27,-07:00,2025-04-26T22:18:27-07:00,1,21
global.js,116,js,15e02f5b,vsahjwani,2025-04-26,22:18:27,-07:00,2025-04-26T22:18:27-07:00,1,23
global.js,117,js,15e02f5b,vsahjwani,2025-04-26,22:18:27,-07:00,2025-04-26T22:18:27-07:00,1,0
global.js,118,js,15e02f5b,vsahjwani,2025-04-26,22:18:27,-07:00,2025-04-26T22:18:27-07:00,1,27
global.js,119,js,15e02f5b,vsahjwani,2025-04-26,22:18:27,-07:00,2025-04-26T22:18:27-07:00,2,48
global.js,120,js,15e02f5b,vsahjwani,2025-04-26,22:18:27,-07:00,2025-04-26T22:18:27-07:00,2,19
global.js,121,js,15e02f5b,vsahjwani,2025-04-26,22:18:27,-07:00,2025-04-26T22:18:27-07:00,3,49
global.js,122,js,15e02f5b,vsahjwani,2025-04-26,22:18:27,-07:00,2025-04-26T22:18:27-07:00,3,49
global.js,123,js,1fa6c865,vsahjwani,2025-05-03,22:07:44,-07:00,2025-05-03T22:07:44-07:00,3,3
global.js,124,js,dfba935d,vsahjwani,2025-05-04,14:54:36,-07:00,2025-05-04T14:54:36-07:00,3,29
global.js,125,js,dfba935d,vsahjwani,2025-05-04,14:54:36,-07:00,2025-05-04T14:54:36-07:00,3,22
global.js,126,js,1fa6c865,vsahjwani,2025-05-03,22:07:44,-07:00,2025-05-03T22:07:44-07:00,3,4
global.js,127,js,15e02f5b,vsahjwani,2025-04-26,22:18:27,-07:00,2025-04-26T22:18:27-07:00,2,0
global.js,128,js,15e02f5b,vsahjwani,2025-04-26,22:18:27,-07:00,2025-04-26T22:18:27-07:00,2,29
global.js,129,js,15e02f5b,vsahjwani,2025-04-26,22:18:27,-07:00,2025-04-26T22:18:27-07:00,1,1
global.js,130,js,15e02f5b,vsahjwani,2025-04-26,22:18:27,-07:00,2025-04-26T22:18:27-07:00,0,0
global.js,131,js,15e02f5b,vsahjwani,2025-04-26,22:18:27,-07:00,2025-04-26T22:18:27-07:00,0,0
global.js,132,js,15e02f5b,vsahjwani,2025-04-26,22:18:27,-07:00,2025-04-26T22:18:27-07:00,0,47
global.js,133,js,15e02f5b,vsahjwani,2025-04-26,22:18:27,-07:00,2025-04-26T22:18:27-07:00,1,3
global.js,134,js,15e02f5b,vsahjwani,2025-04-26,22:18:27,-07:00,2025-04-26T22:18:27-07:00,2,71
global.js,135,js,15e02f5b,vsahjwani,2025-04-26,22:18:27,-07:00,2025-04-26T22:18:27-07:00,2,68
global.js,136,js,15e02f5b,vsahjwani,2025-04-26,22:18:27,-07:00,2025-04-26T22:18:27-07:00,2,27
global.js,137,js,15e02f5b,vsahjwani,2025-04-26,22:18:27,-07:00,2025-04-26T22:18:27-07:00,1,15
global.js,138,js,15e02f5b,vsahjwani,2025-04-26,22:18:27,-07:00,2025-04-26T22:18:27-07:00,2,40
global.js,139,js,15e02f5b,vsahjwani,2025-04-26,22:18:27,-07:00,2025-04-26T22:18:27-07:00,2,10
global.js,140,js,15e02f5b,vsahjwani,2025-04-26,22:18:27,-07:00,2025-04-26T22:18:27-07:00,1,0
global.js,141,js,13142650,vsahjwani,2025-05-03,23:34:50,-07:00,2025-05-03T23:34:50-07:00,0,0
global.js,142,js,13142650,vsahjwani,2025-05-03,23:34:50,-07:00,2025-05-03T23:34:50-07:00,0,0
global.js,143,js,13142650,vsahjwani,2025-05-03,23:34:50,-07:00,2025-05-03T23:34:50-07:00,0,42
global.js,144,js,13142650,vsahjwani,2025-05-03,23:34:50,-07:00,2025-05-03T23:34:50-07:00,1,77
global.js,145,js,13142650,vsahjwani,2025-05-03,23:34:50,-07:00,2025-05-03T23:34:50-07:00,1,33
global.js,146,js,13142650,vsahjwani,2025-05-03,23:34:50,-07:00,2025-05-03T23:34:50-07:00,1,10
global.js,147,js,13142650,vsahjwani,2025-05-03,23:34:50,-07:00,2025-05-03T23:34:50-07:00,0,0
global.js,148,js,13142650,vsahjwani,2025-05-03,23:34:50,-07:00,2025-05-03T23:34:50-07:00,0,0
global.js,149,js,13142650,vsahjwani,2025-05-03,23:34:50,-07:00,2025-05-03T23:34:50-07:00,0,26
global.js,150,js,13142650,vsahjwani,2025-05-03,23:34:50,-07:00,2025-05-03T23:34:50-07:00,1,42
global.js,151,js,13142650,vsahjwani,2025-05-03,23:34:50,-07:00,2025-05-03T23:34:50-07:00,1,48
global.js,152,js,13142650,vsahjwani,2025-05-03,23:34:50,-07:00,2025-05-03T23:34:50-07:00,0,0
global.js,153,js,13142650,vsahjwani,2025-05-03,23:34:50,-07:00,2025-05-03T23:34:50-07:00,1,21
global.js,154,js,13142650,vsahjwani,2025-05-03,23:34:50,-07:00,2025-05-03T23:34:50-07:00,2,40
global.js,155,js,13142650,vsahjwani,2025-05-03,23:34:50,-07:00,2025-05-03T23:34:50-07:00,2,27
global.js,156,js,13142650,vsahjwani,2025-05-03,23:34:50,-07:00,2025-05-03T23:34:50-07:00,2,21
global.js,157,js,13142650,vsahjwani,2025-05-03,23:34:50,-07:00,2025-05-03T23:34:50-07:00,1,1
global.js,158,js,13142650,vsahjwani,2025-05-03,23:34:50,-07:00,2025-05-03T23:34:50-07:00,0,0
global.js,159,js,13142650,vsahjwani,2025-05-03,23:34:50,-07:00,2025-05-03T23:34:50-07:00,0,0
global.js,160,js,13142650,vsahjwani,2025-05-03,23:34:50,-07:00,2025-05-03T23:34:50-07:00,0,10
resume/index.html,1,html,7f14785b,vsahjwani,2025-04-18,23:29:27,-07:00,2025-04-18T23:29:27-07:00,0,13
resume/index.html,2,html,7f14785b,vsahjwani,2025-04-18,23:29:27,-07:00,2025-04-18T23:29:27-07:00,0,14
resume/index.html,3,html,6790946c,vsahjwani,2025-04-26,22:03:54,-07:00,2025-04-26T22:03:54-07:00,0,4
resume/index.html,4,html,d97d7a19,vsahjwani,2025-04-04,23:12:26,-07:00,2025-04-04T23:12:26-07:00,2,38
resume/index.html,5,html,7f14785b,vsahjwani,2025-04-18,23:29:27,-07:00,2025-04-18T23:29:27-07:00,2,41
resume/index.html,6,html,7f14785b,vsahjwani,2025-04-18,23:29:27,-07:00,2025-04-18T23:29:27-07:00,2,48
resume/index.html,7,html,6790946c,vsahjwani,2025-04-26,22:03:54,-07:00,2025-04-26T22:03:54-07:00,0,5
resume/index.html,8,html,6790946c,vsahjwani,2025-04-26,22:03:54,-07:00,2025-04-26T22:03:54-07:00,0,4
resume/index.html,9,html,6790946c,vsahjwani,2025-04-26,22:03:54,-07:00,2025-04-26T22:03:54-07:00,0,19
resume/index.html,10,html,4f707fa8,vsahjwani,2025-04-12,22:24:12,-07:00,2025-04-12T22:24:12-07:00,2,6
resume/index.html,11,html,6790946c,vsahjwani,2025-04-26,22:03:54,-07:00,2025-04-26T22:03:54-07:00,4,27
resume/index.html,12,html,6790946c,vsahjwani,2025-04-26,22:03:54,-07:00,2025-04-26T22:03:54-07:00,4,128
resume/index.html,13,html,d97d7a19,vsahjwani,2025-04-04,23:12:26,-07:00,2025-04-04T23:12:26-07:00,2,7
resume/index.html,14,html,6790946c,vsahjwani,2025-04-26,22:03:54,-07:00,2025-04-26T22:03:54-07:00,0,0
resume/index.html,15,html,d97d7a19,vsahjwani,2025-04-04,23:12:26,-07:00,2025-04-04T23:12:26-07:00,2,7
resume/index.html,16,html,d97d7a19,vsahjwani,2025-04-04,23:12:26,-07:00,2025-04-04T23:12:26-07:00,3,6
resume/index.html,17,html,d97d7a19,vsahjwani,2025-04-04,23:12:26,-07:00,2025-04-04T23:12:26-07:00,4,17
resume/index.html,18,html,d97d7a19,vsahjwani,2025-04-04,23:12:26,-07:00,2025-04-04T23:12:26-07:00,3,7
resume/index.html,19,html,d97d7a19,vsahjwani,2025-04-04,23:12:26,-07:00,2025-04-04T23:12:26-07:00,3,181
resume/index.html,20,html,d97d7a19,vsahjwani,2025-04-04,23:12:26,-07:00,2025-04-04T23:12:26-07:00,2,8
resume/index.html,21,html,d97d7a19,vsahjwani,2025-04-04,23:12:26,-07:00,2025-04-04T23:12:26-07:00,1,0
resume/index.html,22,html,d97d7a19,vsahjwani,2025-04-04,23:12:26,-07:00,2025-04-04T23:12:26-07:00,2,7
resume/index.html,23,html,d97d7a19,vsahjwani,2025-04-04,23:12:26,-07:00,2025-04-04T23:12:26-07:00,3,6
resume/index.html,24,html,d97d7a19,vsahjwani,2025-04-04,23:12:26,-07:00,2025-04-04T23:12:26-07:00,4,20
resume/index.html,25,html,d97d7a19,vsahjwani,2025-04-04,23:12:26,-07:00,2025-04-04T23:12:26-07:00,3,7
resume/index.html,26,html,d97d7a19,vsahjwani,2025-04-04,23:12:26,-07:00,2025-04-04T23:12:26-07:00,3,7
resume/index.html,27,html,d97d7a19,vsahjwani,2025-04-04,23:12:26,-07:00,2025-04-04T23:12:26-07:00,4,118
resume/index.html,28,html,d97d7a19,vsahjwani,2025-04-04,23:12:26,-07:00,2025-04-04T23:12:26-07:00,4,2
resume/index.html,29,html,d97d7a19,vsahjwani,2025-04-04,23:12:26,-07:00,2025-04-04T23:12:26-07:00,5,72
resume/index.html,30,html,d97d7a19,vsahjwani,2025-04-04,23:12:26,-07:00,2025-04-04T23:12:26-07:00,5,62
resume/index.html,31,html,d97d7a19,vsahjwani,2025-04-04,23:12:26,-07:00,2025-04-04T23:12:26-07:00,4,3
resume/index.html,32,html,d97d7a19,vsahjwani,2025-04-04,23:12:26,-07:00,2025-04-04T23:12:26-07:00,3,8
resume/index.html,33,html,d97d7a19,vsahjwani,2025-04-04,23:12:26,-07:00,2025-04-04T23:12:26-07:00,3,7
resume/index.html,34,html,d97d7a19,vsahjwani,2025-04-04,23:12:26,-07:00,2025-04-04T23:12:26-07:00,4,53
resume/index.html,35,html,d97d7a19,vsahjwani,2025-04-04,23:12:26,-07:00,2025-04-04T23:12:26-07:00,4,2
resume/index.html,36,html,d97d7a19,vsahjwani,2025-04-04,23:12:26,-07:00,2025-04-04T23:12:26-07:00,5,61
resume/index.html,37,html,d97d7a19,vsahjwani,2025-04-04,23:12:26,-07:00,2025-04-04T23:12:26-07:00,5,65
resume/index.html,38,html,d97d7a19,vsahjwani,2025-04-04,23:12:26,-07:00,2025-04-04T23:12:26-07:00,4,3
resume/index.html,39,html,d97d7a19,vsahjwani,2025-04-04,23:12:26,-07:00,2025-04-04T23:12:26-07:00,3,8
resume/index.html,40,html,d97d7a19,vsahjwani,2025-04-04,23:12:26,-07:00,2025-04-04T23:12:26-07:00,2,8
resume/index.html,41,html,d97d7a19,vsahjwani,2025-04-04,23:12:26,-07:00,2025-04-04T23:12:26-07:00,1,0
resume/index.html,42,html,d97d7a19,vsahjwani,2025-04-04,23:12:26,-07:00,2025-04-04T23:12:26-07:00,2,7
resume/index.html,43,html,d97d7a19,vsahjwani,2025-04-04,23:12:26,-07:00,2025-04-04T23:12:26-07:00,3,6
resume/index.html,44,html,d97d7a19,vsahjwani,2025-04-04,23:12:26,-07:00,2025-04-04T23:12:26-07:00,4,16
resume/index.html,45,html,d97d7a19,vsahjwani,2025-04-04,23:12:26,-07:00,2025-04-04T23:12:26-07:00,3,7
resume/index.html,46,html,e7cfc01d,vsahjwani,2025-05-03,22:50:47,-07:00,2025-05-03T22:50:47-07:00,3,7
resume/index.html,47,html,d97d7a19,vsahjwani,2025-04-04,23:12:26,-07:00,2025-04-04T23:12:26-07:00,3,2
resume/index.html,48,html,d97d7a19,vsahjwani,2025-04-04,23:12:26,-07:00,2025-04-04T23:12:26-07:00,4,32
resume/index.html,49,html,d97d7a19,vsahjwani,2025-04-04,23:12:26,-07:00,2025-04-04T23:12:26-07:00,4,28
resume/index.html,50,html,d97d7a19,vsahjwani,2025-04-04,23:12:26,-07:00,2025-04-04T23:12:26-07:00,4,32
resume/index.html,51,html,d97d7a19,vsahjwani,2025-04-04,23:12:26,-07:00,2025-04-04T23:12:26-07:00,3,3
resume/index.html,52,html,e7cfc01d,vsahjwani,2025-05-03,22:50:47,-07:00,2025-05-03T22:50:47-07:00,2,8
resume/index.html,53,html,d97d7a19,vsahjwani,2025-04-04,23:12:26,-07:00,2025-04-04T23:12:26-07:00,2,8
resume/index.html,54,html,d97d7a19,vsahjwani,2025-04-04,23:12:26,-07:00,2025-04-04T23:12:26-07:00,1,0
resume/index.html,55,html,d97d7a19,vsahjwani,2025-04-04,23:12:26,-07:00,2025-04-04T23:12:26-07:00,2,7
resume/index.html,56,html,d97d7a19,vsahjwani,2025-04-04,23:12:26,-07:00,2025-04-04T23:12:26-07:00,3,6
resume/index.html,57,html,d97d7a19,vsahjwani,2025-04-04,23:12:26,-07:00,2025-04-04T23:12:26-07:00,4,19
resume/index.html,58,html,d97d7a19,vsahjwani,2025-04-04,23:12:26,-07:00,2025-04-04T23:12:26-07:00,3,7
resume/index.html,59,html,e7cfc01d,vsahjwani,2025-05-03,22:50:47,-07:00,2025-05-03T22:50:47-07:00,3,7
resume/index.html,60,html,d97d7a19,vsahjwani,2025-04-04,23:12:26,-07:00,2025-04-04T23:12:26-07:00,3,2
resume/index.html,61,html,d97d7a19,vsahjwani,2025-04-04,23:12:26,-07:00,2025-04-04T23:12:26-07:00,4,2
resume/index.html,62,html,d97d7a19,vsahjwani,2025-04-04,23:12:26,-07:00,2025-04-04T23:12:26-07:00,5,44
resume/index.html,63,html,d97d7a19,vsahjwani,2025-04-04,23:12:26,-07:00,2025-04-04T23:12:26-07:00,5,63
resume/index.html,64,html,d97d7a19,vsahjwani,2025-04-04,23:12:26,-07:00,2025-04-04T23:12:26-07:00,4,3
resume/index.html,65,html,d97d7a19,vsahjwani,2025-04-04,23:12:26,-07:00,2025-04-04T23:12:26-07:00,3,3
resume/index.html,66,html,e7cfc01d,vsahjwani,2025-05-03,22:50:47,-07:00,2025-05-03T22:50:47-07:00,2,8
resume/index.html,67,html,d97d7a19,vsahjwani,2025-04-04,23:12:26,-07:00,2025-04-04T23:12:26-07:00,2,8
resume/index.html,68,html,d97d7a19,vsahjwani,2025-04-04,23:12:26,-07:00,2025-04-04T23:12:26-07:00,1,0
resume/index.html,69,html,d97d7a19,vsahjwani,2025-04-04,23:12:26,-07:00,2025-04-04T23:12:26-07:00,2,7
resume/index.html,70,html,d97d7a19,vsahjwani,2025-04-04,23:12:26,-07:00,2025-04-04T23:12:26-07:00,3,6
resume/index.html,71,html,d97d7a19,vsahjwani,2025-04-04,23:12:26,-07:00,2025-04-04T23:12:26-07:00,4,17
resume/index.html,72,html,d97d7a19,vsahjwani,2025-04-04,23:12:26,-07:00,2025-04-04T23:12:26-07:00,3,7
resume/index.html,73,html,e7cfc01d,vsahjwani,2025-05-03,22:50:47,-07:00,2025-05-03T22:50:47-07:00,2,7
resume/index.html,74,html,d97d7a19,vsahjwani,2025-04-04,23:12:26,-07:00,2025-04-04T23:12:26-07:00,3,2
resume/index.html,75,html,d97d7a19,vsahjwani,2025-04-04,23:12:26,-07:00,2025-04-04T23:12:26-07:00,4,29
resume/index.html,76,html,d97d7a19,vsahjwani,2025-04-04,23:12:26,-07:00,2025-04-04T23:12:26-07:00,4,33
resume/index.html,77,html,d97d7a19,vsahjwani,2025-04-04,23:12:26,-07:00,2025-04-04T23:12:26-07:00,4,26
resume/index.html,78,html,d97d7a19,vsahjwani,2025-04-04,23:12:26,-07:00,2025-04-04T23:12:26-07:00,3,3
resume/index.html,79,html,e7cfc01d,vsahjwani,2025-05-03,22:50:47,-07:00,2025-05-03T22:50:47-07:00,2,8
resume/index.html,80,html,d97d7a19,vsahjwani,2025-04-04,23:12:26,-07:00,2025-04-04T23:12:26-07:00,2,8
resume/index.html,81,html,7f14785b,vsahjwani,2025-04-18,23:29:27,-07:00,2025-04-18T23:29:27-07:00,0,5
resume/index.html,82,html,6790946c,vsahjwani,2025-04-26,22:03:54,-07:00,2025-04-26T22:03:54-07:00,0,5
resume/index.html,83,html,7f14785b,vsahjwani,2025-04-18,23:29:27,-07:00,2025-04-18T23:29:27-07:00,0,5
projects/projects.js,1,js,15e02f5b,vsahjwani,2025-04-26,22:18:27,-07:00,2025-04-26T22:18:27-07:00,0,55
projects/projects.js,2,js,13142650,vsahjwani,2025-05-03,23:34:50,-07:00,2025-05-03T23:34:50-07:00,0,63
projects/projects.js,3,js,15e02f5b,vsahjwani,2025-04-26,22:18:27,-07:00,2025-04-26T22:18:27-07:00,0,0
projects/projects.js,4,js,fd68ed8f,vsahjwani,2025-05-04,15:17:09,-07:00,2025-05-04T15:17:09-07:00,0,49
projects/projects.js,5,js,fd68ed8f,vsahjwani,2025-05-04,15:17:09,-07:00,2025-05-04T15:17:09-07:00,0,59
projects/projects.js,6,js,fd68ed8f,vsahjwani,2025-05-04,15:17:09,-07:00,2025-05-04T15:17:09-07:00,0,50
projects/projects.js,7,js,fd68ed8f,vsahjwani,2025-05-04,15:17:09,-07:00,2025-05-04T15:17:09-07:00,0,21
projects/projects.js,8,js,6434d2fd,vsahjwani,2025-05-03,23:42:41,-07:00,2025-05-03T23:42:41-07:00,0,0
projects/projects.js,9,js,fd68ed8f,vsahjwani,2025-05-04,15:17:09,-07:00,2025-05-04T15:17:09-07:00,0,33
projects/projects.js,10,js,fd68ed8f,vsahjwani,2025-05-04,15:17:09,-07:00,2025-05-04T15:17:09-07:00,1,16
projects/projects.js,11,js,fd68ed8f,vsahjwani,2025-05-04,15:17:09,-07:00,2025-05-04T15:17:09-07:00,2,7
projects/projects.js,12,js,ece0372d,vsahjwani,2025-05-04,00:39:36,-07:00,2025-05-04T00:39:36-07:00,2,14
projects/projects.js,13,js,fd68ed8f,vsahjwani,2025-05-04,15:17:09,-07:00,2025-05-04T15:17:09-07:00,2,11
projects/projects.js,14,js,fd68ed8f,vsahjwani,2025-05-04,15:17:09,-07:00,2025-05-04T15:17:09-07:00,1,56
projects/projects.js,15,js,fd68ed8f,vsahjwani,2025-05-04,15:17:09,-07:00,2025-05-04T15:17:09-07:00,0,0
projects/projects.js,16,js,fd68ed8f,vsahjwani,2025-05-04,15:17:09,-07:00,2025-05-04T15:17:09-07:00,0,0
projects/projects.js,17,js,fd68ed8f,vsahjwani,2025-05-04,15:17:09,-07:00,2025-05-04T15:17:09-07:00,0,29
projects/projects.js,18,js,fd68ed8f,vsahjwani,2025-05-04,15:17:09,-07:00,2025-05-04T15:17:09-07:00,1,42
projects/projects.js,19,js,fd68ed8f,vsahjwani,2025-05-04,15:17:09,-07:00,2025-05-04T15:17:09-07:00,1,44
projects/projects.js,20,js,ece0372d,vsahjwani,2025-05-04,00:39:36,-07:00,2025-05-04T00:39:36-07:00,0,0
projects/projects.js,21,js,fd68ed8f,vsahjwani,2025-05-04,15:17:09,-07:00,2025-05-04T15:17:09-07:00,1,33
projects/projects.js,22,js,fd68ed8f,vsahjwani,2025-05-04,15:17:09,-07:00,2025-05-04T15:17:09-07:00,1,25
projects/projects.js,23,js,fd68ed8f,vsahjwani,2025-05-04,15:17:09,-07:00,2025-05-04T15:17:09-07:00,2,16
projects/projects.js,24,js,fd68ed8f,vsahjwani,2025-05-04,15:17:09,-07:00,2025-05-04T15:17:09-07:00,3,25
projects/projects.js,25,js,5e4cc1ad,vsahjwani,2025-05-17,17:31:16,-07:00,2025-05-17T17:31:16-07:00,3,22
projects/projects.js,26,js,5e4cc1ad,vsahjwani,2025-05-17,17:31:16,-07:00,2025-05-17T17:31:16-07:00,3,53
projects/projects.js,27,js,5e4cc1ad,vsahjwani,2025-05-17,17:31:16,-07:00,2025-05-17T17:31:16-07:00,3,21
projects/projects.js,28,js,ece0372d,vsahjwani,2025-05-04,00:39:36,-07:00,2025-05-04T00:39:36-07:00,1,1
projects/projects.js,29,js,ece0372d,vsahjwani,2025-05-04,00:39:36,-07:00,2025-05-04T00:39:36-07:00,0,0
projects/projects.js,30,js,fd68ed8f,vsahjwani,2025-05-04,15:17:09,-07:00,2025-05-04T15:17:09-07:00,1,34
projects/projects.js,31,js,fd68ed8f,vsahjwani,2025-05-04,15:17:09,-07:00,2025-05-04T15:17:09-07:00,1,47
projects/projects.js,32,js,fd68ed8f,vsahjwani,2025-05-04,15:17:09,-07:00,2025-05-04T15:17:09-07:00,0,0
projects/projects.js,33,js,fd68ed8f,vsahjwani,2025-05-04,15:17:09,-07:00,2025-05-04T15:17:09-07:00,1,22
projects/projects.js,34,js,fd68ed8f,vsahjwani,2025-05-04,15:17:09,-07:00,2025-05-04T15:17:09-07:00,2,17
projects/projects.js,35,js,649d8adc,vsahjwani,2025-05-16,22:23:28,-07:00,2025-05-16T22:23:28-07:00,3,36
projects/projects.js,36,js,5e4cc1ad,vsahjwani,2025-05-17,17:31:16,-07:00,2025-05-17T17:31:16-07:00,3,53
projects/projects.js,37,js,ed9646f8,vsahjwani,2025-05-17,18:08:26,-07:00,2025-05-17T18:08:26-07:00,3,68
projects/projects.js,38,js,ed9646f8,vsahjwani,2025-05-17,18:08:26,-07:00,2025-05-17T18:08:26-07:00,3,69
projects/projects.js,39,js,ece0372d,vsahjwani,2025-05-04,00:39:36,-07:00,2025-05-04T00:39:36-07:00,1,1
projects/projects.js,40,js,ed9646f8,vsahjwani,2025-05-17,18:08:26,-07:00,2025-05-17T18:08:26-07:00,0,0
projects/projects.js,41,js,ed9646f8,vsahjwani,2025-05-17,18:08:26,-07:00,2025-05-17T18:08:26-07:00,1,57
projects/projects.js,42,js,ece0372d,vsahjwani,2025-05-04,00:39:36,-07:00,2025-05-04T00:39:36-07:00,0,0
projects/projects.js,43,js,13142650,vsahjwani,2025-05-03,23:34:50,-07:00,2025-05-03T23:34:50-07:00,0,0
projects/projects.js,44,js,ed9646f8,vsahjwani,2025-05-17,18:08:26,-07:00,2025-05-17T18:08:26-07:00,0,57
projects/projects.js,45,js,fd68ed8f,vsahjwani,2025-05-04,15:17:09,-07:00,2025-05-04T15:17:09-07:00,1,42
projects/projects.js,46,js,fd68ed8f,vsahjwani,2025-05-04,15:17:09,-07:00,2025-05-04T15:17:09-07:00,1,34
projects/projects.js,47,js,ed9646f8,vsahjwani,2025-05-17,18:08:26,-07:00,2025-05-17T18:08:26-07:00,1,35
projects/projects.js,48,js,ed9646f8,vsahjwani,2025-05-17,18:08:26,-07:00,2025-05-17T18:08:26-07:00,1,0
projects/projects.js,49,js,ed9646f8,vsahjwani,2025-05-17,18:08:26,-07:00,2025-05-17T18:08:26-07:00,1,24
projects/projects.js,50,js,ed9646f8,vsahjwani,2025-05-17,18:08:26,-07:00,2025-05-17T18:08:26-07:00,1,49
projects/projects.js,51,js,ed9646f8,vsahjwani,2025-05-17,18:08:26,-07:00,2025-05-17T18:08:26-07:00,2,44
projects/projects.js,52,js,ed9646f8,vsahjwani,2025-05-17,18:08:26,-07:00,2025-05-17T18:08:26-07:00,2,44
projects/projects.js,53,js,ed9646f8,vsahjwani,2025-05-17,18:08:26,-07:00,2025-05-17T18:08:26-07:00,2,0
projects/projects.js,54,js,ed9646f8,vsahjwani,2025-05-17,18:08:26,-07:00,2025-05-17T18:08:26-07:00,2,17
projects/projects.js,55,js,ed9646f8,vsahjwani,2025-05-17,18:08:26,-07:00,2025-05-17T18:08:26-07:00,2,43
projects/projects.js,56,js,ed9646f8,vsahjwani,2025-05-17,18:08:26,-07:00,2025-05-17T18:08:26-07:00,2,0
projects/projects.js,57,js,ed9646f8,vsahjwani,2025-05-17,18:08:26,-07:00,2025-05-17T18:08:26-07:00,2,29
projects/projects.js,58,js,ed9646f8,vsahjwani,2025-05-17,18:08:26,-07:00,2025-05-17T18:08:26-07:00,2,44
projects/projects.js,59,js,ea6da876,vsahjwani,2025-05-04,01:05:21,-07:00,2025-05-04T01:05:21-07:00,1,1
projects/projects.js,60,js,ed9646f8,vsahjwani,2025-05-17,18:08:26,-07:00,2025-05-17T18:08:26-07:00,1,0
projects/projects.js,61,js,ed9646f8,vsahjwani,2025-05-17,18:08:26,-07:00,2025-05-17T18:08:26-07:00,1,26
projects/projects.js,62,js,ed9646f8,vsahjwani,2025-05-17,18:08:26,-07:00,2025-05-17T18:08:26-07:00,1,42
projects/projects.js,63,js,ed9646f8,vsahjwani,2025-05-17,18:08:26,-07:00,2025-05-17T18:08:26-07:00,2,38
projects/projects.js,64,js,ed9646f8,vsahjwani,2025-05-17,18:08:26,-07:00,2025-05-17T18:08:26-07:00,3,32
projects/projects.js,65,js,ed9646f8,vsahjwani,2025-05-17,18:08:26,-07:00,2025-05-17T18:08:26-07:00,3,43
projects/projects.js,66,js,ed9646f8,vsahjwani,2025-05-17,18:08:26,-07:00,2025-05-17T18:08:26-07:00,3,0
projects/projects.js,67,js,ed9646f8,vsahjwani,2025-05-17,18:08:26,-07:00,2025-05-17T18:08:26-07:00,3,29
projects/projects.js,68,js,ed9646f8,vsahjwani,2025-05-17,18:08:26,-07:00,2025-05-17T18:08:26-07:00,3,44
projects/projects.js,69,js,ed9646f8,vsahjwani,2025-05-17,18:08:26,-07:00,2025-05-17T18:08:26-07:00,2,1
projects/projects.js,70,js,ed9646f8,vsahjwani,2025-05-17,18:08:26,-07:00,2025-05-17T18:08:26-07:00,1,1
projects/projects.js,71,js,ed9646f8,vsahjwani,2025-05-17,18:08:26,-07:00,2025-05-17T18:08:26-07:00,0,0
projects/projects.js,72,js,ed9646f8,vsahjwani,2025-05-17,18:08:26,-07:00,2025-05-17T18:08:26-07:00,0,0
projects/projects.js,73,js,ed9646f8,vsahjwani,2025-05-17,18:08:26,-07:00,2025-05-17T18:08:26-07:00,0,54
projects/projects.js,74,js,ed9646f8,vsahjwani,2025-05-17,18:08:26,-07:00,2025-05-17T18:08:26-07:00,1,42
projects/projects.js,75,js,ed9646f8,vsahjwani,2025-05-17,18:08:26,-07:00,2025-05-17T18:08:26-07:00,1,34
projects/projects.js,76,js,ed9646f8,vsahjwani,2025-05-17,18:08:26,-07:00,2025-05-17T18:08:26-07:00,1,0
projects/projects.js,77,js,ed9646f8,vsahjwani,2025-05-17,18:08:26,-07:00,2025-05-17T18:08:26-07:00,1,35
projects/projects.js,78,js,ed9646f8,vsahjwani,2025-05-17,18:08:26,-07:00,2025-05-17T18:08:26-07:00,1,19
projects/projects.js,79,js,ed9646f8,vsahjwani,2025-05-17,18:08:26,-07:00,2025-05-17T18:08:26-07:00,2,29
projects/projects.js,80,js,ed9646f8,vsahjwani,2025-05-17,18:08:26,-07:00,2025-05-17T18:08:26-07:00,3,79
projects/projects.js,81,js,ed9646f8,vsahjwani,2025-05-17,18:08:26,-07:00,2025-05-17T18:08:26-07:00,2,1
projects/projects.js,82,js,ed9646f8,vsahjwani,2025-05-17,18:08:26,-07:00,2025-05-17T18:08:26-07:00,1,0
projects/projects.js,83,js,ed9646f8,vsahjwani,2025-05-17,18:08:26,-07:00,2025-05-17T18:08:26-07:00,1,20
projects/projects.js,84,js,ed9646f8,vsahjwani,2025-05-17,18:08:26,-07:00,2025-05-17T18:08:26-07:00,2,64
projects/projects.js,85,js,ed9646f8,vsahjwani,2025-05-17,18:08:26,-07:00,2025-05-17T18:08:26-07:00,1,0
projects/projects.js,86,js,ed9646f8,vsahjwani,2025-05-17,18:08:26,-07:00,2025-05-17T18:08:26-07:00,1,35
projects/projects.js,87,js,ed9646f8,vsahjwani,2025-05-17,18:08:26,-07:00,2025-05-17T18:08:26-07:00,1,19
projects/projects.js,88,js,ed9646f8,vsahjwani,2025-05-17,18:08:26,-07:00,2025-05-17T18:08:26-07:00,1,25
projects/projects.js,89,js,ed9646f8,vsahjwani,2025-05-17,18:08:26,-07:00,2025-05-17T18:08:26-07:00,2,29
projects/projects.js,90,js,ed9646f8,vsahjwani,2025-05-17,18:08:26,-07:00,2025-05-17T18:08:26-07:00,1,6
projects/projects.js,91,js,ed9646f8,vsahjwani,2025-05-17,18:08:26,-07:00,2025-05-17T18:08:26-07:00,2,45
projects/projects.js,92,js,ed9646f8,vsahjwani,2025-05-17,18:08:26,-07:00,2025-05-17T18:08:26-07:00,2,66
projects/projects.js,93,js,ed9646f8,vsahjwani,2025-05-17,18:08:26,-07:00,2025-05-17T18:08:26-07:00,1,0
projects/projects.js,94,js,ed9646f8,vsahjwani,2025-05-17,18:08:26,-07:00,2025-05-17T18:08:26-07:00,1,0
projects/projects.js,95,js,ed9646f8,vsahjwani,2025-05-17,18:08:26,-07:00,2025-05-17T18:08:26-07:00,1,25
projects/projects.js,96,js,ed9646f8,vsahjwani,2025-05-17,18:08:26,-07:00,2025-05-17T18:08:26-07:00,1,48
projects/projects.js,97,js,fd68ed8f,vsahjwani,2025-05-04,15:17:09,-07:00,2025-05-04T15:17:09-07:00,0,0
projects/projects.js,98,js,fd68ed8f,vsahjwani,2025-05-04,15:17:09,-07:00,2025-05-04T15:17:09-07:00,0,0
projects/projects.js,99,js,fd68ed8f,vsahjwani,2025-05-04,15:17:09,-07:00,2025-05-04T15:17:09-07:00,0,12
projects/projects.js,100,js,fd68ed8f,vsahjwani,2025-05-04,15:17:09,-07:00,2025-05-04T15:17:09-07:00,1,3
projects/projects.js,101,js,fd68ed8f,vsahjwani,2025-05-04,15:17:09,-07:00,2025-05-04T15:17:09-07:00,2,55
projects/projects.js,102,js,fd68ed8f,vsahjwani,2025-05-04,15:17:09,-07:00,2025-05-04T15:17:09-07:00,2,52
projects/projects.js,103,js,fd68ed8f,vsahjwani,2025-05-04,15:17:09,-07:00,2025-05-04T15:17:09-07:00,2,61
projects/projects.js,104,js,fd68ed8f,vsahjwani,2025-05-04,15:17:09,-07:00,2025-05-04T15:17:09-07:00,2,17
projects/projects.js,105,js,649d8adc,vsahjwani,2025-05-16,22:23:28,-07:00,2025-05-16T22:23:28-07:00,3,48
projects/projects.js,106,js,fd68ed8f,vsahjwani,2025-05-04,15:17:09,-07:00,2025-05-04T15:17:09-07:00,2,0
projects/projects.js,107,js,fd68ed8f,vsahjwani,2025-05-04,15:17:09,-07:00,2025-05-04T15:17:09-07:00,0,0
projects/projects.js,108,js,ed9646f8,vsahjwani,2025-05-17,18:08:26,-07:00,2025-05-17T18:08:26-07:00,2,18
projects/projects.js,109,js,68ca8946,vsahjwani,2025-05-16,22:10:52,-07:00,2025-05-16T22:10:52-07:00,2,40
projects/projects.js,110,js,06a62775,vsahjwani,2025-05-16,22:19:50,-07:00,2025-05-16T22:19:50-07:00,2,39
projects/projects.js,111,js,ed9646f8,vsahjwani,2025-05-17,18:08:26,-07:00,2025-05-17T18:08:26-07:00,2,0
projects/projects.js,112,js,ed9646f8,vsahjwani,2025-05-17,18:08:26,-07:00,2025-05-17T18:08:26-07:00,2,17
projects/projects.js,113,js,68ca8946,vsahjwani,2025-05-16,22:10:52,-07:00,2025-05-16T22:10:52-07:00,2,47
projects/projects.js,114,js,fd68ed8f,vsahjwani,2025-05-04,15:17:09,-07:00,2025-05-04T15:17:09-07:00,0,0
projects/projects.js,115,js,06a62775,vsahjwani,2025-05-16,22:19:50,-07:00,2025-05-16T22:19:50-07:00,2,19
projects/projects.js,116,js,06a62775,vsahjwani,2025-05-16,22:19:50,-07:00,2025-05-16T22:19:50-07:00,2,55
projects/projects.js,117,js,ed9646f8,vsahjwani,2025-05-17,18:08:26,-07:00,2025-05-17T18:08:26-07:00,2,16
projects/projects.js,118,js,ed9646f8,vsahjwani,2025-05-17,18:08:26,-07:00,2025-05-17T18:08:26-07:00,3,48
projects/projects.js,119,js,ed9646f8,vsahjwani,2025-05-17,18:08:26,-07:00,2025-05-17T18:08:26-07:00,4,52
projects/projects.js,120,js,ed9646f8,vsahjwani,2025-05-17,18:08:26,-07:00,2025-05-17T18:08:26-07:00,4,0
projects/projects.js,121,js,ed9646f8,vsahjwani,2025-05-17,18:08:26,-07:00,2025-05-17T18:08:26-07:00,4,29
projects/projects.js,122,js,ed9646f8,vsahjwani,2025-05-17,18:08:26,-07:00,2025-05-17T18:08:26-07:00,4,33
projects/projects.js,123,js,ed9646f8,vsahjwani,2025-05-17,18:08:26,-07:00,2025-05-17T18:08:26-07:00,5,38
projects/projects.js,124,js,ed9646f8,vsahjwani,2025-05-17,18:08:26,-07:00,2025-05-17T18:08:26-07:00,5,60
projects/projects.js,125,js,ed9646f8,vsahjwani,2025-05-17,18:08:26,-07:00,2025-05-17T18:08:26-07:00,4,0
projects/projects.js,126,js,ed9646f8,vsahjwani,2025-05-17,18:08:26,-07:00,2025-05-17T18:08:26-07:00,4,0
projects/projects.js,127,js,ed9646f8,vsahjwani,2025-05-17,18:08:26,-07:00,2025-05-17T18:08:26-07:00,4,36
projects/projects.js,128,js,ed9646f8,vsahjwani,2025-05-17,18:08:26,-07:00,2025-05-17T18:08:26-07:00,4,25
projects/projects.js,129,js,ed9646f8,vsahjwani,2025-05-17,18:08:26,-07:00,2025-05-17T18:08:26-07:00,5,48
projects/projects.js,130,js,ed9646f8,vsahjwani,2025-05-17,18:08:26,-07:00,2025-05-17T18:08:26-07:00,5,55
projects/projects.js,131,js,ed9646f8,vsahjwani,2025-05-17,18:08:26,-07:00,2025-05-17T18:08:26-07:00,4,0
projects/projects.js,132,js,ed9646f8,vsahjwani,2025-05-17,18:08:26,-07:00,2025-05-17T18:08:26-07:00,4,0
projects/projects.js,133,js,ed9646f8,vsahjwani,2025-05-17,18:08:26,-07:00,2025-05-17T18:08:26-07:00,4,29
projects/projects.js,134,js,ed9646f8,vsahjwani,2025-05-17,18:08:26,-07:00,2025-05-17T18:08:26-07:00,4,40
projects/projects.js,135,js,ed9646f8,vsahjwani,2025-05-17,18:08:26,-07:00,2025-05-17T18:08:26-07:00,4,0
projects/projects.js,136,js,ed9646f8,vsahjwani,2025-05-17,18:08:26,-07:00,2025-05-17T18:08:26-07:00,4,54
projects/projects.js,137,js,ed9646f8,vsahjwani,2025-05-17,18:08:26,-07:00,2025-05-17T18:08:26-07:00,4,42
projects/projects.js,138,js,ed9646f8,vsahjwani,2025-05-17,18:08:26,-07:00,2025-05-17T18:08:26-07:00,4,25
projects/projects.js,139,js,ed9646f8,vsahjwani,2025-05-17,18:08:26,-07:00,2025-05-17T18:08:26-07:00,3,1
projects/projects.js,140,js,ed9646f8,vsahjwani,2025-05-17,18:08:26,-07:00,2025-05-17T18:08:26-07:00,2,0
projects/projects.js,141,js,fd68ed8f,vsahjwani,2025-05-04,15:17:09,-07:00,2025-05-04T15:17:09-07:00,1,15
projects/projects.js,142,js,fd68ed8f,vsahjwani,2025-05-04,15:17:09,-07:00,2025-05-04T15:17:09-07:00,2,46
projects/projects.js,143,js,fd68ed8f,vsahjwani,2025-05-04,15:17:09,-07:00,2025-05-04T15:17:09-07:00,1,0
projects/projects.js,144,js,06a62775,vsahjwani,2025-05-16,22:19:50,-07:00,2025-05-16T22:19:50-07:00,0,3
projects/index.html,1,html,7f14785b,vsahjwani,2025-04-18,23:29:27,-07:00,2025-04-18T23:29:27-07:00,0,13
projects/index.html,2,html,7f14785b,vsahjwani,2025-04-18,23:29:27,-07:00,2025-04-18T23:29:27-07:00,0,14
projects/index.html,3,html,d8e327f8,vsahjwani,2025-05-09,09:30:33,-07:00,2025-05-09T09:30:33-07:00,2,4
projects/index.html,4,html,d8e327f8,vsahjwani,2025-05-09,09:30:33,-07:00,2025-05-09T09:30:33-07:00,4,20
projects/index.html,5,html,d8e327f8,vsahjwani,2025-05-09,09:30:33,-07:00,2025-05-09T09:30:33-07:00,4,68
projects/index.html,6,html,d8e327f8,vsahjwani,2025-05-09,09:30:33,-07:00,2025-05-09T09:30:33-07:00,4,43
projects/index.html,7,html,d8e327f8,vsahjwani,2025-05-09,09:30:33,-07:00,2025-05-09T09:30:33-07:00,4,21
projects/index.html,8,html,d8e327f8,vsahjwani,2025-05-09,09:30:33,-07:00,2025-05-09T09:30:33-07:00,2,5
projects/index.html,9,html,ea6da876,vsahjwani,2025-05-04,01:05:21,-07:00,2025-05-04T01:05:21-07:00,0,4
projects/index.html,10,html,1f680493,vsahjwani,2025-05-17,18:09:14,-07:00,2025-05-17T18:09:14-07:00,2,48
projects/index.html,11,html,72ab8a53,vsahjwani,2025-05-03,23:55:17,-07:00,2025-05-03T23:55:17-07:00,2,21
projects/index.html,12,html,ea6da876,vsahjwani,2025-05-04,01:05:21,-07:00,2025-05-04T01:05:21-07:00,4,58
projects/index.html,13,html,ea6da876,vsahjwani,2025-05-04,01:05:21,-07:00,2025-05-04T01:05:21-07:00,4,22
projects/index.html,14,html,72ab8a53,vsahjwani,2025-05-03,23:55:17,-07:00,2025-05-03T23:55:17-07:00,2,4
projects/index.html,15,html,ea6da876,vsahjwani,2025-05-04,01:05:21,-07:00,2025-05-04T01:05:21-07:00,2,4
projects/index.html,16,html,ea6da876,vsahjwani,2025-05-04,01:05:21,-07:00,2025-05-04T01:05:21-07:00,4,15
projects/index.html,17,html,ea6da876,vsahjwani,2025-05-04,01:05:21,-07:00,2025-05-04T01:05:21-07:00,4,11
projects/index.html,18,html,ea6da876,vsahjwani,2025-05-04,01:05:21,-07:00,2025-05-04T01:05:21-07:00,4,26
projects/index.html,19,html,ea6da876,vsahjwani,2025-05-04,01:05:21,-07:00,2025-05-04T01:05:21-07:00,4,31
projects/index.html,20,html,ea6da876,vsahjwani,2025-05-04,01:05:21,-07:00,2025-05-04T01:05:21-07:00,2,0
projects/index.html,21,html,15e02f5b,vsahjwani,2025-04-26,22:18:27,-07:00,2025-04-26T22:18:27-07:00,2,26
projects/index.html,22,html,d8e327f8,vsahjwani,2025-05-09,09:30:33,-07:00,2025-05-09T09:30:33-07:00,0,0
projects/index.html,23,html,d8e327f8,vsahjwani,2025-05-09,09:30:33,-07:00,2025-05-09T09:30:33-07:00,2,48
projects/index.html,24,html,d8e327f8,vsahjwani,2025-05-09,09:30:33,-07:00,2025-05-09T09:30:33-07:00,2,47
projects/index.html,25,html,ea6da876,vsahjwani,2025-05-04,01:05:21,-07:00,2025-05-04T01:05:21-07:00,0,5
projects/index.html,26,html,7f14785b,vsahjwani,2025-04-18,23:29:27,-07:00,2025-04-18T23:29:27-07:00,0,5
contact/index.html,1,html,7f14785b,vsahjwani,2025-04-18,23:29:27,-07:00,2025-04-18T23:29:27-07:00,0,13
contact/index.html,2,html,7f14785b,vsahjwani,2025-04-18,23:29:27,-07:00,2025-04-18T23:29:27-07:00,0,14
contact/index.html,3,html,c92296af,vsahjwani,2025-04-12,23:22:35,-07:00,2025-04-12T23:22:35-07:00,0,4
contact/index.html,4,html,7f14785b,vsahjwani,2025-04-18,23:29:27,-07:00,2025-04-18T23:29:27-07:00,2,28
contact/index.html,5,html,c92296af,vsahjwani,2025-04-12,23:22:35,-07:00,2025-04-12T23:22:35-07:00,2,41
contact/index.html,6,html,dd78c146,vsahjwani,2025-04-18,23:19:27,-07:00,2025-04-18T23:19:27-07:00,2,48
contact/index.html,7,html,c92296af,vsahjwani,2025-04-12,23:22:35,-07:00,2025-04-12T23:22:35-07:00,0,5
contact/index.html,8,html,7f14785b,vsahjwani,2025-04-18,23:29:27,-07:00,2025-04-18T23:29:27-07:00,0,4
contact/index.html,9,html,d97d7a19,vsahjwani,2025-04-04,23:12:26,-07:00,2025-04-04T23:12:26-07:00,0,18
contact/index.html,10,html,63df9177,vsahjwani,2025-04-18,22:53:34,-07:00,2025-04-18T22:53:34-07:00,0,0
contact/index.html,11,html,af112fad,vsahjwani,2025-04-12,22:29:57,-07:00,2025-04-12T22:29:57-07:00,0,3
contact/index.html,12,html,d97d7a19,vsahjwani,2025-04-04,23:12:26,-07:00,2025-04-04T23:12:26-07:00,2,36
contact/index.html,13,html,e192861f,vsahjwani,2025-04-04,23:31:43,-07:00,2025-04-04T23:31:43-07:00,2,12
contact/index.html,14,html,d97d7a19,vsahjwani,2025-04-04,23:12:26,-07:00,2025-04-04T23:12:26-07:00,2,22
contact/index.html,15,html,d97d7a19,vsahjwani,2025-04-04,23:12:26,-07:00,2025-04-04T23:12:26-07:00,2,5
contact/index.html,16,html,d97d7a19,vsahjwani,2025-04-04,23:12:26,-07:00,2025-04-04T23:12:26-07:00,4,4
contact/index.html,17,html,d97d7a19,vsahjwani,2025-04-04,23:12:26,-07:00,2025-04-04T23:12:26-07:00,4,31
contact/index.html,18,html,d97d7a19,vsahjwani,2025-04-04,23:12:26,-07:00,2025-04-04T23:12:26-07:00,2,6
contact/index.html,19,html,d97d7a19,vsahjwani,2025-04-04,23:12:26,-07:00,2025-04-04T23:12:26-07:00,2,5
contact/index.html,20,html,d97d7a19,vsahjwani,2025-04-04,23:12:26,-07:00,2025-04-04T23:12:26-07:00,4,6
contact/index.html,21,html,d97d7a19,vsahjwani,2025-04-04,23:12:26,-07:00,2025-04-04T23:12:26-07:00,4,20
contact/index.html,22,html,d97d7a19,vsahjwani,2025-04-04,23:12:26,-07:00,2025-04-04T23:12:26-07:00,2,6
contact/index.html,23,html,d97d7a19,vsahjwani,2025-04-04,23:12:26,-07:00,2025-04-04T23:12:26-07:00,2,5
contact/index.html,24,html,d97d7a19,vsahjwani,2025-04-04,23:12:26,-07:00,2025-04-04T23:12:26-07:00,4,6
contact/index.html,25,html,d97d7a19,vsahjwani,2025-04-04,23:12:26,-07:00,2025-04-04T23:12:26-07:00,4,32
contact/index.html,26,html,d97d7a19,vsahjwani,2025-04-04,23:12:26,-07:00,2025-04-04T23:12:26-07:00,2,6
contact/index.html,27,html,d97d7a19,vsahjwani,2025-04-04,23:12:26,-07:00,2025-04-04T23:12:26-07:00,2,21
contact/index.html,28,html,af112fad,vsahjwani,2025-04-12,22:29:57,-07:00,2025-04-12T22:29:57-07:00,0,5
contact/index.html,29,html,7f14785b,vsahjwani,2025-04-18,23:29:27,-07:00,2025-04-18T23:29:27-07:00,0,5
contact/index.html,30,html,7f14785b,vsahjwani,2025-04-18,23:29:27,-07:00,2025-04-18T23:29:27-07:00,0,5
